2026-08-13T20:10:43.269+0600 [INFO]  Terraform version: 1.15.8
2026-08-13T20:10:43.270+0600 [DEBUG] using github.com/hashicorp/go-tfe v1.105.0
2026-08-13T20:10:43.270+0600 [DEBUG] using github.com/hashicorp/hcl/v2 v2.24.0
2026-08-13T20:10:43.270+0600 [DEBUG] using github.com/hashicorp/terraform-svchost v0.2.1
2026-08-13T20:10:43.270+0600 [DEBUG] using github.com/zclconf/go-cty v1.18.0
2026-08-13T20:10:43.270+0600 [INFO]  Go runtime version: go1.25.10
2026-08-13T20:10:43.270+0600 [INFO]  CLI args: []string{"terraform", "apply"}
2026-08-13T20:10:43.270+0600 [DEBUG] Attempting to open CLI config file: /root/.terraformrc
2026-08-13T20:10:43.270+0600 [DEBUG] File doesn't exist, but doesn't need to. Ignoring.
2026-08-13T20:10:43.270+0600 [DEBUG] ignoring non-existing provider search directory terraform.d/plugins
2026-08-13T20:10:43.270+0600 [DEBUG] ignoring non-existing provider search directory /root/.terraform.d/plugins
2026-08-13T20:10:43.270+0600 [DEBUG] ignoring non-existing provider search directory /root/.local/share/terraform/plugins
2026-08-13T20:10:43.270+0600 [DEBUG] ignoring non-existing provider search directory /usr/local/share/terraform/plugins
2026-08-13T20:10:43.270+0600 [DEBUG] ignoring non-existing provider search directory /usr/share/terraform/plugins
2026-08-13T20:10:43.271+0600 [INFO]  CLI command args: []string{"apply"}
2026-08-13T20:10:43.366+0600 [DEBUG] checking for provisioner in "."
2026-08-13T20:10:43.377+0600 [DEBUG] checking for provisioner in "/usr/bin"
2026-08-13T20:10:43.379+0600 [INFO]  backend/local: starting Apply operation
2026-08-13T20:10:43.381+0600 [DEBUG] ReferenceTransformer: "var.ssh_private_key_path" references: []
2026-08-13T20:10:43.381+0600 [DEBUG] ReferenceTransformer: "var.server_name" references: []
2026-08-13T20:10:43.381+0600 [DEBUG] ReferenceTransformer: "var.ssh_user" references: []
2026-08-13T20:10:43.381+0600 [DEBUG] ReferenceTransformer: "var.server_ip" references: []
2026-08-13T20:10:43.381+0600 [DEBUG] Starting graph walk: walkInit
2026-08-13T20:10:43.382+0600 [DEBUG] created provider logger: level=debug
2026-08-13T20:10:43.382+0600 [INFO]  provider: configuring client automatic mTLS
2026-08-13T20:10:43.412+0600 [DEBUG] provider: starting plugin: path=.terraform/providers/registry.terraform.io/hashicorp/null/3.3.0/linux_amd64/terraform-provider-null_v3.3.0_x5 args=[".terraform/providers/registry.terraform.io/hashicorp/null/3.3.0/linux_amd64/terraform-provider-null_v3.3.0_x5"]
2026-08-13T20:10:43.414+0600 [DEBUG] provider: plugin started: path=.terraform/providers/registry.terraform.io/hashicorp/null/3.3.0/linux_amd64/terraform-provider-null_v3.3.0_x5 pid=11781
2026-08-13T20:10:43.414+0600 [DEBUG] provider: waiting for RPC address: plugin=.terraform/providers/registry.terraform.io/hashicorp/null/3.3.0/linux_amd64/terraform-provider-null_v3.3.0_x5
2026-08-13T20:10:43.427+0600 [INFO]  provider.terraform-provider-null_v3.3.0_x5: configuring server automatic mTLS: timestamp="2026-08-13T20:10:43.427+0600"
2026-08-13T20:10:43.455+0600 [DEBUG] provider: using plugin: version=5
2026-08-13T20:10:43.455+0600 [DEBUG] provider.terraform-provider-null_v3.3.0_x5: plugin address: address=/tmp/plugin3916543829 network=unix timestamp="2026-08-13T20:10:43.455+0600"
2026-08-13T20:10:43.489+0600 [DEBUG] No provider meta schema returned
2026-08-13T20:10:43.491+0600 [DEBUG] provider.stdio: received EOF, stopping recv loop: err="rpc error: code = Unavailable desc = error reading from server: EOF"
2026-08-13T20:10:43.495+0600 [INFO]  provider: plugin process exited: plugin=.terraform/providers/registry.terraform.io/hashicorp/null/3.3.0/linux_amd64/terraform-provider-null_v3.3.0_x5 id=11781
2026-08-13T20:10:43.495+0600 [DEBUG] provider: plugin exited
2026-08-13T20:10:43.495+0600 [DEBUG] Building and walking validate graph
2026-08-13T20:10:43.495+0600 [DEBUG] ProviderTransformer: "null_resource.server_bootstrap" (*terraform.NodeValidatableResource) needs provider["registry.terraform.io/hashicorp/null"]
2026-08-13T20:10:43.496+0600 [DEBUG] ReferenceTransformer: "var.server_name" references: []
2026-08-13T20:10:43.496+0600 [DEBUG] ReferenceTransformer: "var.ssh_user" references: []
2026-08-13T20:10:43.496+0600 [DEBUG] ReferenceTransformer: "var.server_ip" references: []
2026-08-13T20:10:43.496+0600 [DEBUG] ReferenceTransformer: "output.server_ip (expand)" references: [var.server_ip]
2026-08-13T20:10:43.496+0600 [DEBUG] ReferenceTransformer: "output.server_name (expand)" references: [var.server_name]
2026-08-13T20:10:43.496+0600 [DEBUG] ReferenceTransformer: "provider[\"registry.terraform.io/hashicorp/null\"]" references: []
2026-08-13T20:10:43.496+0600 [DEBUG] ReferenceTransformer: "null_resource.server_bootstrap" references: [var.ssh_private_key_path var.ssh_user var.server_ip var.ssh_user var.server_name]
2026-08-13T20:10:43.496+0600 [DEBUG] ReferenceTransformer: "var.ssh_private_key_path" references: []
2026-08-13T20:10:43.496+0600 [DEBUG] Starting graph walk: walkValidate
2026-08-13T20:10:43.497+0600 [DEBUG] created provider logger: level=debug
2026-08-13T20:10:43.497+0600 [INFO]  provider: configuring client automatic mTLS
2026-08-13T20:10:43.510+0600 [DEBUG] provider: starting plugin: path=.terraform/providers/registry.terraform.io/hashicorp/null/3.3.0/linux_amd64/terraform-provider-null_v3.3.0_x5 args=[".terraform/providers/registry.terraform.io/hashicorp/null/3.3.0/linux_amd64/terraform-provider-null_v3.3.0_x5"]
2026-08-13T20:10:43.511+0600 [DEBUG] provider: plugin started: path=.terraform/providers/registry.terraform.io/hashicorp/null/3.3.0/linux_amd64/terraform-provider-null_v3.3.0_x5 pid=11791
2026-08-13T20:10:43.511+0600 [DEBUG] provider: waiting for RPC address: plugin=.terraform/providers/registry.terraform.io/hashicorp/null/3.3.0/linux_amd64/terraform-provider-null_v3.3.0_x5
2026-08-13T20:10:43.520+0600 [INFO]  provider.terraform-provider-null_v3.3.0_x5: configuring server automatic mTLS: timestamp="2026-08-13T20:10:43.520+0600"
2026-08-13T20:10:43.541+0600 [DEBUG] provider: using plugin: version=5
2026-08-13T20:10:43.541+0600 [DEBUG] provider.terraform-provider-null_v3.3.0_x5: plugin address: address=/tmp/plugin3598693270 network=unix timestamp="2026-08-13T20:10:43.540+0600"
2026-08-13T20:10:43.570+0600 [DEBUG] provider.stdio: received EOF, stopping recv loop: err="rpc error: code = Unavailable desc = error reading from server: EOF"
2026-08-13T20:10:43.571+0600 [INFO]  provider: plugin process exited: plugin=.terraform/providers/registry.terraform.io/hashicorp/null/3.3.0/linux_amd64/terraform-provider-null_v3.3.0_x5 id=11791
2026-08-13T20:10:43.571+0600 [DEBUG] provider: plugin exited
2026-08-13T20:10:43.571+0600 [INFO]  backend/local: apply calling Plan
2026-08-13T20:10:43.571+0600 [DEBUG] Building and walking plan graph for NormalMode
2026-08-13T20:10:43.571+0600 [DEBUG] ProviderTransformer: "null_resource.server_bootstrap (expand)" (*terraform.nodeExpandPlannableResource) needs provider["registry.terraform.io/hashicorp/null"]
2026-08-13T20:10:43.571+0600 [DEBUG] ReferenceTransformer: "var.ssh_user" references: []
2026-08-13T20:10:43.572+0600 [DEBUG] ReferenceTransformer: "var.server_ip" references: []
2026-08-13T20:10:43.572+0600 [DEBUG] ReferenceTransformer: "var.ssh_private_key_path" references: []
2026-08-13T20:10:43.572+0600 [DEBUG] ReferenceTransformer: "output.server_ip (expand)" references: [var.server_ip]
2026-08-13T20:10:43.572+0600 [DEBUG] ReferenceTransformer: "output.server_name (expand)" references: [var.server_name]
2026-08-13T20:10:43.572+0600 [DEBUG] ReferenceTransformer: "provider[\"registry.terraform.io/hashicorp/null\"]" references: []
2026-08-13T20:10:43.572+0600 [DEBUG] ReferenceTransformer: "null_resource.server_bootstrap (expand)" references: [var.ssh_private_key_path var.ssh_user var.server_ip var.ssh_user var.server_name]
2026-08-13T20:10:43.572+0600 [DEBUG] ReferenceTransformer: "var.server_name" references: []
2026-08-13T20:10:43.572+0600 [DEBUG] Starting graph walk: walkPlan
2026-08-13T20:10:43.574+0600 [DEBUG] created provider logger: level=debug
2026-08-13T20:10:43.574+0600 [INFO]  provider: configuring client automatic mTLS
2026-08-13T20:10:43.583+0600 [DEBUG] provider: starting plugin: path=.terraform/providers/registry.terraform.io/hashicorp/null/3.3.0/linux_amd64/terraform-provider-null_v3.3.0_x5 args=[".terraform/providers/registry.terraform.io/hashicorp/null/3.3.0/linux_amd64/terraform-provider-null_v3.3.0_x5"]
2026-08-13T20:10:43.584+0600 [DEBUG] provider: plugin started: path=.terraform/providers/registry.terraform.io/hashicorp/null/3.3.0/linux_amd64/terraform-provider-null_v3.3.0_x5 pid=11799
2026-08-13T20:10:43.584+0600 [DEBUG] provider: waiting for RPC address: plugin=.terraform/providers/registry.terraform.io/hashicorp/null/3.3.0/linux_amd64/terraform-provider-null_v3.3.0_x5
2026-08-13T20:10:43.593+0600 [INFO]  provider.terraform-provider-null_v3.3.0_x5: configuring server automatic mTLS: timestamp="2026-08-13T20:10:43.593+0600"
2026-08-13T20:10:43.619+0600 [DEBUG] provider: using plugin: version=5
2026-08-13T20:10:43.621+0600 [DEBUG] provider.terraform-provider-null_v3.3.0_x5: plugin address: network=unix address=/tmp/plugin1416929614 timestamp="2026-08-13T20:10:43.619+0600"
2026-08-13T20:10:43.645+0600 [DEBUG] ReferenceTransformer: "null_resource.server_bootstrap" references: []
2026-08-13T20:10:43.652+0600 [DEBUG] provider.terraform-provider-null_v3.3.0_x5: Value switched to prior value due to semantic equality logic: tf_attribute_path=id tf_provider_addr=registry.terraform.io/hashicorp/null tf_req_id=d5d617b0-4bb3-119a-f271-5e76fbb0ab42 tf_resource_type=null_resource @module=sdk.framework tf_rpc=ReadResource @caller=github.com/hashicorp/terraform-plugin-framework@v1.19.0/internal/fwschemadata/value_semantic_equality.go:91 timestamp="2026-08-13T20:10:43.652+0600"
2026-08-13T20:10:43.658+0600 [DEBUG] provider.terraform-provider-null_v3.3.0_x5: Marking Computed attributes with null configuration values as unknown (known after apply) in the plan to prevent potential Terraform errors: @caller=github.com/hashicorp/terraform-plugin-framework@v1.19.0/internal/fwserver/server_planresourcechange.go:250 tf_req_id=bd77944f-07dc-10c0-f5b7-54296e75b4c7 tf_resource_type=null_resource tf_rpc=PlanResourceChange @module=sdk.framework tf_provider_addr=registry.terraform.io/hashicorp/null timestamp="2026-08-13T20:10:43.658+0600"
2026-08-13T20:10:43.658+0600 [DEBUG] provider.terraform-provider-null_v3.3.0_x5: marking computed attribute that is null in the config as unknown: @module=sdk.framework tf_provider_addr=registry.terraform.io/hashicorp/null tf_rpc=PlanResourceChange @caller=github.com/hashicorp/terraform-plugin-framework@v1.19.0/internal/fwserver/server_planresourcechange.go:538 tf_attribute_path="AttributeName(\"id\")" tf_req_id=bd77944f-07dc-10c0-f5b7-54296e75b4c7 tf_resource_type=null_resource timestamp="2026-08-13T20:10:43.658+0600"
2026-08-13T20:10:43.662+0600 [DEBUG] provider.stdio: received EOF, stopping recv loop: err="rpc error: code = Unavailable desc = error reading from server: EOF"
2026-08-13T20:10:43.664+0600 [INFO]  provider: plugin process exited: plugin=.terraform/providers/registry.terraform.io/hashicorp/null/3.3.0/linux_amd64/terraform-provider-null_v3.3.0_x5 id=11799
2026-08-13T20:10:43.664+0600 [DEBUG] provider: plugin exited
2026-08-13T20:10:43.664+0600 [DEBUG] building apply graph to check for errors
2026-08-13T20:10:43.665+0600 [DEBUG] ProviderTransformer: "null_resource.server_bootstrap (destroy)" (*terraform.NodeDestroyResourceInstance) needs provider["registry.terraform.io/hashicorp/null"]
2026-08-13T20:10:43.665+0600 [DEBUG] ProviderTransformer: "null_resource.server_bootstrap (expand)" (*terraform.nodeExpandApplyableResource) needs provider["registry.terraform.io/hashicorp/null"]
2026-08-13T20:10:43.665+0600 [DEBUG] ProviderTransformer: "null_resource.server_bootstrap" (*terraform.NodeApplyableResourceInstance) needs provider["registry.terraform.io/hashicorp/null"]
2026-08-13T20:10:43.666+0600 [DEBUG] ReferenceTransformer: "output.server_name (expand)" references: [var.server_name]
2026-08-13T20:10:43.666+0600 [DEBUG] ReferenceTransformer: "provider[\"registry.terraform.io/hashicorp/null\"]" references: []
2026-08-13T20:10:43.666+0600 [DEBUG] ReferenceTransformer: "null_resource.server_bootstrap (expand)" references: [var.ssh_private_key_path var.ssh_user var.server_ip var.ssh_user var.server_name]
2026-08-13T20:10:43.666+0600 [DEBUG] ReferenceTransformer: "var.server_ip" references: []
2026-08-13T20:10:43.666+0600 [DEBUG] ReferenceTransformer: "null_resource.server_bootstrap" references: [var.ssh_private_key_path var.ssh_user var.server_ip var.ssh_user var.server_name]
2026-08-13T20:10:43.666+0600 [DEBUG] ReferenceTransformer: "var.server_name" references: []
2026-08-13T20:10:43.666+0600 [DEBUG] ReferenceTransformer: "var.ssh_user" references: []
2026-08-13T20:10:43.666+0600 [DEBUG] ReferenceTransformer: "var.ssh_private_key_path" references: []
2026-08-13T20:10:43.666+0600 [DEBUG] ReferenceTransformer: "output.server_ip (expand)" references: [var.server_ip]
2026-08-13T20:10:43.667+0600 [DEBUG] command: asking for input: "\nDo you want to perform these actions?"
2026-08-13T20:10:51.332+0600 [INFO]  backend/local: apply calling Apply
2026-08-13T20:10:51.332+0600 [DEBUG] Building and walking apply graph for NormalMode plan
2026-08-13T20:10:51.333+0600 [DEBUG] ProviderTransformer: "null_resource.server_bootstrap" (*terraform.NodeApplyableResourceInstance) needs provider["registry.terraform.io/hashicorp/null"]
2026-08-13T20:10:51.333+0600 [DEBUG] ProviderTransformer: "null_resource.server_bootstrap (expand)" (*terraform.nodeExpandApplyableResource) needs provider["registry.terraform.io/hashicorp/null"]
2026-08-13T20:10:51.333+0600 [DEBUG] ProviderTransformer: "null_resource.server_bootstrap (destroy)" (*terraform.NodeDestroyResourceInstance) needs provider["registry.terraform.io/hashicorp/null"]
2026-08-13T20:10:51.333+0600 [DEBUG] ReferenceTransformer: "output.server_ip (expand)" references: [var.server_ip]
2026-08-13T20:10:51.334+0600 [DEBUG] ReferenceTransformer: "null_resource.server_bootstrap" references: [var.ssh_private_key_path var.ssh_user var.server_ip var.ssh_user var.server_name]
2026-08-13T20:10:51.334+0600 [DEBUG] ReferenceTransformer: "null_resource.server_bootstrap (expand)" references: [var.ssh_user var.server_ip var.ssh_private_key_path var.ssh_user var.server_name]
2026-08-13T20:10:51.334+0600 [DEBUG] ReferenceTransformer: "var.server_name" references: []
2026-08-13T20:10:51.334+0600 [DEBUG] ReferenceTransformer: "var.ssh_user" references: []
2026-08-13T20:10:51.334+0600 [DEBUG] ReferenceTransformer: "var.ssh_private_key_path" references: []
2026-08-13T20:10:51.334+0600 [DEBUG] ReferenceTransformer: "provider[\"registry.terraform.io/hashicorp/null\"]" references: []
2026-08-13T20:10:51.334+0600 [DEBUG] ReferenceTransformer: "var.server_ip" references: []
2026-08-13T20:10:51.334+0600 [DEBUG] ReferenceTransformer: "output.server_name (expand)" references: [var.server_name]
2026-08-13T20:10:51.336+0600 [DEBUG] Starting graph walk: walkApply
2026-08-13T20:10:51.337+0600 [DEBUG] created provider logger: level=debug
2026-08-13T20:10:51.337+0600 [INFO]  provider: configuring client automatic mTLS
2026-08-13T20:10:51.349+0600 [DEBUG] provider: starting plugin: path=.terraform/providers/registry.terraform.io/hashicorp/null/3.3.0/linux_amd64/terraform-provider-null_v3.3.0_x5 args=[".terraform/providers/registry.terraform.io/hashicorp/null/3.3.0/linux_amd64/terraform-provider-null_v3.3.0_x5"]
2026-08-13T20:10:51.350+0600 [DEBUG] provider: plugin started: path=.terraform/providers/registry.terraform.io/hashicorp/null/3.3.0/linux_amd64/terraform-provider-null_v3.3.0_x5 pid=11808
2026-08-13T20:10:51.350+0600 [DEBUG] provider: waiting for RPC address: plugin=.terraform/providers/registry.terraform.io/hashicorp/null/3.3.0/linux_amd64/terraform-provider-null_v3.3.0_x5
2026-08-13T20:10:51.363+0600 [INFO]  provider.terraform-provider-null_v3.3.0_x5: configuring server automatic mTLS: timestamp="2026-08-13T20:10:51.363+0600"
2026-08-13T20:10:51.392+0600 [DEBUG] provider: using plugin: version=5
2026-08-13T20:10:51.394+0600 [DEBUG] provider.terraform-provider-null_v3.3.0_x5: plugin address: network=unix address=/tmp/plugin2538485462 timestamp="2026-08-13T20:10:51.392+0600"
2026-08-13T20:10:51.422+0600 [INFO]  Starting apply for null_resource.server_bootstrap
2026-08-13T20:10:51.422+0600 [DEBUG] null_resource.server_bootstrap: applying the planned Delete change
2026-08-13T20:10:51.429+0600 [DEBUG] State storage *statemgr.Filesystem declined to persist a state snapshot
2026-08-13T20:10:51.434+0600 [DEBUG] provider.terraform-provider-null_v3.3.0_x5: Marking Computed attributes with null configuration values as unknown (known after apply) in the plan to prevent potential Terraform errors: @caller=github.com/hashicorp/terraform-plugin-framework@v1.19.0/internal/fwserver/server_planresourcechange.go:250 @module=sdk.framework tf_provider_addr=registry.terraform.io/hashicorp/null tf_req_id=ed97b0a9-9294-12b1-075f-9f9ba09ffa53 tf_resource_type=null_resource tf_rpc=PlanResourceChange timestamp="2026-08-13T20:10:51.433+0600"
2026-08-13T20:10:51.434+0600 [DEBUG] provider.terraform-provider-null_v3.3.0_x5: marking computed attribute that is null in the config as unknown: tf_attribute_path="AttributeName(\"id\")" tf_req_id=ed97b0a9-9294-12b1-075f-9f9ba09ffa53 @caller=github.com/hashicorp/terraform-plugin-framework@v1.19.0/internal/fwserver/server_planresourcechange.go:538 @module=sdk.framework tf_provider_addr=registry.terraform.io/hashicorp/null tf_resource_type=null_resource tf_rpc=PlanResourceChange timestamp="2026-08-13T20:10:51.433+0600"
2026-08-13T20:10:51.434+0600 [INFO]  Starting apply for null_resource.server_bootstrap
2026-08-13T20:10:51.434+0600 [DEBUG] null_resource.server_bootstrap: applying the planned Create change
2026-08-13T20:10:51.449+0600 [INFO]  using private key for authentication
2026-08-13T20:10:51.450+0600 [DEBUG] Connecting to 192.168.238.50:22 for SSH
2026-08-13T20:10:51.451+0600 [DEBUG] Connection established. Handshaking for user jafar
2026-08-13T20:10:51.533+0600 [DEBUG] Telling SSH config to forward to agent
2026-08-13T20:10:51.533+0600 [DEBUG] Setting up a session to request agent forwarding
2026-08-13T20:10:51.706+0600 [INFO]  agent forwarding enabled
2026-08-13T20:10:51.706+0600 [DEBUG] starting ssh KeepAlives
2026-08-13T20:10:51.709+0600 [DEBUG] opening new ssh session
2026-08-13T20:10:51.710+0600 [DEBUG] Starting remote scp process:  'scp' -vt /tmp
2026-08-13T20:10:51.713+0600 [DEBUG] Started SCP session, beginning transfers...
2026-08-13T20:10:51.713+0600 [DEBUG] Beginning file upload...
2026-08-13T20:10:51.720+0600 [DEBUG] SCP session complete, closing stdin pipe.
2026-08-13T20:10:51.720+0600 [DEBUG] Waiting for SSH session to complete.
2026-08-13T20:10:51.721+0600 [ERROR] scp stderr: "Sink: C0644 929 terraform_567432739.sh\nscp: debug1: fd 0 clearing O_NONBLOCK\r\n"
2026-08-13T20:10:51.721+0600 [DEBUG] opening new ssh session
2026-08-13T20:10:51.723+0600 [DEBUG] starting remote command: chmod 0777 /tmp/terraform_567432739.sh
2026-08-13T20:10:51.735+0600 [DEBUG] remote command exited with '0': chmod 0777 /tmp/terraform_567432739.sh
2026-08-13T20:10:51.735+0600 [DEBUG] opening new ssh session
2026-08-13T20:10:51.737+0600 [DEBUG] starting remote command: /tmp/terraform_567432739.sh
2026-08-13T20:14:36.970+0600 [WARN]  terraform: Stop called, initiating interrupt sequence
2026-08-13T20:14:36.970+0600 [WARN]  terraform: run context exists, stopping
2026-08-13T20:14:36.970+0600 [INFO]  terraform: waiting for graceful stop to complete
2026-08-13T20:14:36.975+0600 [DEBUG] remote command exited with '0': /tmp/terraform_567432739.sh
2026-08-13T20:14:36.975+0600 [WARN]  Errors while provisioning null_resource.server_bootstrap with "remote-exec", so aborting
2026-08-13T20:14:36.988+0600 [ERROR] vertex "null_resource.server_bootstrap" error: remote-exec provisioner error
2026-08-13T20:14:36.989+0600 [ERROR] vertex "null_resource.server_bootstrap" error: execution halted
2026-08-13T20:14:36.989+0600 [ERROR] vertex "null_resource.server_bootstrap" error: execution halted
2026-08-13T20:14:36.989+0600 [WARN]  terraform: stop complete
2026-08-13T20:14:37.001+0600 [DEBUG] provider.stdio: received EOF, stopping recv loop: err="rpc error: code = Unavailable desc = error reading from server: EOF"
2026-08-13T20:14:37.001+0600 [INFO]  provider: plugin process exited: plugin=.terraform/providers/registry.terraform.io/hashicorp/null/3.3.0/linux_amd64/terraform-provider-null_v3.3.0_x5 id=11808
2026-08-13T20:14:37.001+0600 [DEBUG] provider: plugin exited
2026-08-13T20:32:30.945+0600 [INFO]  Terraform version: 1.15.8
2026-08-13T20:32:30.945+0600 [DEBUG] using github.com/hashicorp/go-tfe v1.105.0
2026-08-13T20:32:30.945+0600 [DEBUG] using github.com/hashicorp/hcl/v2 v2.24.0
2026-08-13T20:32:30.945+0600 [DEBUG] using github.com/hashicorp/terraform-svchost v0.2.1
2026-08-13T20:32:30.945+0600 [DEBUG] using github.com/zclconf/go-cty v1.18.0
2026-08-13T20:32:30.945+0600 [INFO]  Go runtime version: go1.25.10
2026-08-13T20:32:30.945+0600 [INFO]  CLI args: []string{"terraform", "apply"}
2026-08-13T20:32:30.945+0600 [DEBUG] Attempting to open CLI config file: /root/.terraformrc
2026-08-13T20:32:30.945+0600 [DEBUG] File doesn't exist, but doesn't need to. Ignoring.
2026-08-13T20:32:30.945+0600 [DEBUG] ignoring non-existing provider search directory terraform.d/plugins
2026-08-13T20:32:30.946+0600 [DEBUG] ignoring non-existing provider search directory /root/.terraform.d/plugins
2026-08-13T20:32:30.946+0600 [DEBUG] ignoring non-existing provider search directory /root/.local/share/terraform/plugins
2026-08-13T20:32:30.946+0600 [DEBUG] ignoring non-existing provider search directory /usr/local/share/terraform/plugins
2026-08-13T20:32:30.946+0600 [DEBUG] ignoring non-existing provider search directory /usr/share/terraform/plugins
2026-08-13T20:32:30.948+0600 [INFO]  CLI command args: []string{"apply"}
2026-08-13T20:38:18.732+0600 [INFO]  Terraform version: 1.15.8
2026-08-13T20:38:18.732+0600 [DEBUG] using github.com/hashicorp/go-tfe v1.105.0
2026-08-13T20:38:18.732+0600 [DEBUG] using github.com/hashicorp/hcl/v2 v2.24.0
2026-08-13T20:38:18.732+0600 [DEBUG] using github.com/hashicorp/terraform-svchost v0.2.1
2026-08-13T20:38:18.732+0600 [DEBUG] using github.com/zclconf/go-cty v1.18.0
2026-08-13T20:38:18.732+0600 [INFO]  Go runtime version: go1.25.10
2026-08-13T20:38:18.732+0600 [INFO]  CLI args: []string{"terraform", "apply"}
2026-08-13T20:38:18.732+0600 [DEBUG] Attempting to open CLI config file: /root/.terraformrc
2026-08-13T20:38:18.732+0600 [DEBUG] File doesn't exist, but doesn't need to. Ignoring.
2026-08-13T20:38:18.732+0600 [DEBUG] ignoring non-existing provider search directory terraform.d/plugins
2026-08-13T20:38:18.732+0600 [DEBUG] ignoring non-existing provider search directory /root/.terraform.d/plugins
2026-08-13T20:38:18.732+0600 [DEBUG] ignoring non-existing provider search directory /root/.local/share/terraform/plugins
2026-08-13T20:38:18.732+0600 [DEBUG] ignoring non-existing provider search directory /usr/local/share/terraform/plugins
2026-08-13T20:38:18.732+0600 [DEBUG] ignoring non-existing provider search directory /usr/share/terraform/plugins
2026-08-13T20:38:18.734+0600 [INFO]  CLI command args: []string{"apply"}
2026-08-13T20:38:18.843+0600 [DEBUG] checking for provisioner in "."
2026-08-13T20:38:18.848+0600 [DEBUG] checking for provisioner in "/usr/bin"
2026-08-13T20:38:18.849+0600 [INFO]  backend/local: starting Apply operation
2026-08-13T20:38:18.851+0600 [DEBUG] ReferenceTransformer: "var.server_name" references: []
2026-08-13T20:38:18.851+0600 [DEBUG] ReferenceTransformer: "var.ssh_user" references: []
2026-08-13T20:38:18.851+0600 [DEBUG] ReferenceTransformer: "var.server_ip" references: []
2026-08-13T20:38:18.851+0600 [DEBUG] ReferenceTransformer: "var.ssh_private_key_path" references: []
2026-08-13T20:38:18.851+0600 [DEBUG] Starting graph walk: walkInit
2026-08-13T20:38:18.851+0600 [DEBUG] created provider logger: level=debug
2026-08-13T20:38:18.851+0600 [INFO]  provider: configuring client automatic mTLS
2026-08-13T20:38:18.872+0600 [DEBUG] provider: starting plugin: path=.terraform/providers/registry.terraform.io/hashicorp/null/3.3.0/linux_amd64/terraform-provider-null_v3.3.0_x5 args=[".terraform/providers/registry.terraform.io/hashicorp/null/3.3.0/linux_amd64/terraform-provider-null_v3.3.0_x5"]
2026-08-13T20:38:18.873+0600 [DEBUG] provider: plugin started: path=.terraform/providers/registry.terraform.io/hashicorp/null/3.3.0/linux_amd64/terraform-provider-null_v3.3.0_x5 pid=16394
2026-08-13T20:38:18.873+0600 [DEBUG] provider: waiting for RPC address: plugin=.terraform/providers/registry.terraform.io/hashicorp/null/3.3.0/linux_amd64/terraform-provider-null_v3.3.0_x5
2026-08-13T20:38:18.880+0600 [INFO]  provider.terraform-provider-null_v3.3.0_x5: configuring server automatic mTLS: timestamp="2026-08-13T20:38:18.880+0600"
2026-08-13T20:38:18.904+0600 [DEBUG] provider: using plugin: version=5
2026-08-13T20:38:18.905+0600 [DEBUG] provider.terraform-provider-null_v3.3.0_x5: plugin address: address=/tmp/plugin1602880187 network=unix timestamp="2026-08-13T20:38:18.904+0600"
2026-08-13T20:38:18.927+0600 [DEBUG] No provider meta schema returned
2026-08-13T20:38:18.928+0600 [DEBUG] provider.stdio: received EOF, stopping recv loop: err="rpc error: code = Unavailable desc = error reading from server: EOF"
2026-08-13T20:38:18.929+0600 [INFO]  provider: plugin process exited: plugin=.terraform/providers/registry.terraform.io/hashicorp/null/3.3.0/linux_amd64/terraform-provider-null_v3.3.0_x5 id=16394
2026-08-13T20:38:18.930+0600 [DEBUG] provider: plugin exited
2026-08-13T20:38:18.930+0600 [DEBUG] Building and walking validate graph
2026-08-13T20:38:18.930+0600 [DEBUG] ProviderTransformer: "null_resource.server_bootstrap" (*terraform.NodeValidatableResource) needs provider["registry.terraform.io/hashicorp/null"]
2026-08-13T20:38:18.931+0600 [DEBUG] ReferenceTransformer: "var.ssh_user" references: []
2026-08-13T20:38:18.931+0600 [DEBUG] ReferenceTransformer: "output.server_ip (expand)" references: [var.server_ip]
2026-08-13T20:38:18.931+0600 [DEBUG] ReferenceTransformer: "output.server_name (expand)" references: [var.server_name]
2026-08-13T20:38:18.931+0600 [DEBUG] ReferenceTransformer: "provider[\"registry.terraform.io/hashicorp/null\"]" references: []
2026-08-13T20:38:18.931+0600 [DEBUG] ReferenceTransformer: "null_resource.server_bootstrap" references: [var.server_ip var.ssh_private_key_path var.ssh_user]
2026-08-13T20:38:18.931+0600 [DEBUG] ReferenceTransformer: "var.server_ip" references: []
2026-08-13T20:38:18.931+0600 [DEBUG] ReferenceTransformer: "var.ssh_private_key_path" references: []
2026-08-13T20:38:18.931+0600 [DEBUG] ReferenceTransformer: "var.server_name" references: []
2026-08-13T20:38:18.931+0600 [DEBUG] Starting graph walk: walkValidate
2026-08-13T20:38:18.932+0600 [DEBUG] created provider logger: level=debug
2026-08-13T20:38:18.932+0600 [INFO]  provider: configuring client automatic mTLS
2026-08-13T20:38:18.941+0600 [DEBUG] provider: starting plugin: path=.terraform/providers/registry.terraform.io/hashicorp/null/3.3.0/linux_amd64/terraform-provider-null_v3.3.0_x5 args=[".terraform/providers/registry.terraform.io/hashicorp/null/3.3.0/linux_amd64/terraform-provider-null_v3.3.0_x5"]
2026-08-13T20:38:18.942+0600 [DEBUG] provider: plugin started: path=.terraform/providers/registry.terraform.io/hashicorp/null/3.3.0/linux_amd64/terraform-provider-null_v3.3.0_x5 pid=16403
2026-08-13T20:38:18.942+0600 [DEBUG] provider: waiting for RPC address: plugin=.terraform/providers/registry.terraform.io/hashicorp/null/3.3.0/linux_amd64/terraform-provider-null_v3.3.0_x5
2026-08-13T20:38:18.949+0600 [INFO]  provider.terraform-provider-null_v3.3.0_x5: configuring server automatic mTLS: timestamp="2026-08-13T20:38:18.948+0600"
2026-08-13T20:38:18.972+0600 [DEBUG] provider.terraform-provider-null_v3.3.0_x5: plugin address: address=/tmp/plugin2458312037 network=unix timestamp="2026-08-13T20:38:18.972+0600"
2026-08-13T20:38:18.973+0600 [DEBUG] provider: using plugin: version=5
2026-08-13T20:38:18.997+0600 [DEBUG] provider.stdio: received EOF, stopping recv loop: err="rpc error: code = Unavailable desc = error reading from server: EOF"
2026-08-13T20:38:18.998+0600 [INFO]  provider: plugin process exited: plugin=.terraform/providers/registry.terraform.io/hashicorp/null/3.3.0/linux_amd64/terraform-provider-null_v3.3.0_x5 id=16403
2026-08-13T20:38:18.998+0600 [DEBUG] provider: plugin exited
2026-08-13T20:38:18.998+0600 [INFO]  backend/local: apply calling Plan
2026-08-13T20:38:18.999+0600 [DEBUG] Building and walking plan graph for NormalMode
2026-08-13T20:38:18.999+0600 [DEBUG] ProviderTransformer: "null_resource.server_bootstrap (expand)" (*terraform.nodeExpandPlannableResource) needs provider["registry.terraform.io/hashicorp/null"]
2026-08-13T20:38:18.999+0600 [DEBUG] ReferenceTransformer: "var.ssh_user" references: []
2026-08-13T20:38:18.999+0600 [DEBUG] ReferenceTransformer: "var.server_ip" references: []
2026-08-13T20:38:18.999+0600 [DEBUG] ReferenceTransformer: "var.ssh_private_key_path" references: []
2026-08-13T20:38:18.999+0600 [DEBUG] ReferenceTransformer: "output.server_ip (expand)" references: [var.server_ip]
2026-08-13T20:38:18.999+0600 [DEBUG] ReferenceTransformer: "output.server_name (expand)" references: [var.server_name]
2026-08-13T20:38:18.999+0600 [DEBUG] ReferenceTransformer: "provider[\"registry.terraform.io/hashicorp/null\"]" references: []
2026-08-13T20:38:18.999+0600 [DEBUG] ReferenceTransformer: "null_resource.server_bootstrap (expand)" references: [var.server_ip var.ssh_private_key_path var.ssh_user]
2026-08-13T20:38:18.999+0600 [DEBUG] ReferenceTransformer: "var.server_name" references: []
2026-08-13T20:38:18.999+0600 [DEBUG] Starting graph walk: walkPlan
2026-08-13T20:38:19.000+0600 [DEBUG] created provider logger: level=debug
2026-08-13T20:38:19.000+0600 [INFO]  provider: configuring client automatic mTLS
2026-08-13T20:38:19.007+0600 [DEBUG] provider: starting plugin: path=.terraform/providers/registry.terraform.io/hashicorp/null/3.3.0/linux_amd64/terraform-provider-null_v3.3.0_x5 args=[".terraform/providers/registry.terraform.io/hashicorp/null/3.3.0/linux_amd64/terraform-provider-null_v3.3.0_x5"]
2026-08-13T20:38:19.008+0600 [DEBUG] provider: plugin started: path=.terraform/providers/registry.terraform.io/hashicorp/null/3.3.0/linux_amd64/terraform-provider-null_v3.3.0_x5 pid=16412
2026-08-13T20:38:19.008+0600 [DEBUG] provider: waiting for RPC address: plugin=.terraform/providers/registry.terraform.io/hashicorp/null/3.3.0/linux_amd64/terraform-provider-null_v3.3.0_x5
2026-08-13T20:38:19.015+0600 [INFO]  provider.terraform-provider-null_v3.3.0_x5: configuring server automatic mTLS: timestamp="2026-08-13T20:38:19.014+0600"
2026-08-13T20:38:19.040+0600 [DEBUG] provider.terraform-provider-null_v3.3.0_x5: plugin address: address=/tmp/plugin652095401 network=unix timestamp="2026-08-13T20:38:19.040+0600"
2026-08-13T20:38:19.040+0600 [DEBUG] provider: using plugin: version=5
2026-08-13T20:38:19.059+0600 [DEBUG] ReferenceTransformer: "null_resource.server_bootstrap" references: []
2026-08-13T20:38:19.069+0600 [DEBUG] provider.terraform-provider-null_v3.3.0_x5: Value switched to prior value due to semantic equality logic: tf_attribute_path=id tf_req_id=a1567551-9c38-b22b-b7dc-8e6a05793f9c tf_resource_type=null_resource @caller=github.com/hashicorp/terraform-plugin-framework@v1.19.0/internal/fwschemadata/value_semantic_equality.go:91 @module=sdk.framework tf_provider_addr=registry.terraform.io/hashicorp/null tf_rpc=ReadResource timestamp="2026-08-13T20:38:19.068+0600"
2026-08-13T20:38:19.074+0600 [DEBUG] provider.terraform-provider-null_v3.3.0_x5: Marking Computed attributes with null configuration values as unknown (known after apply) in the plan to prevent potential Terraform errors: tf_req_id=5dbacaf4-8b1a-d234-6830-133db1de8fc9 tf_rpc=PlanResourceChange @caller=github.com/hashicorp/terraform-plugin-framework@v1.19.0/internal/fwserver/server_planresourcechange.go:250 @module=sdk.framework tf_provider_addr=registry.terraform.io/hashicorp/null tf_resource_type=null_resource timestamp="2026-08-13T20:38:19.073+0600"
2026-08-13T20:38:19.074+0600 [DEBUG] provider.terraform-provider-null_v3.3.0_x5: marking computed attribute that is null in the config as unknown: tf_attribute_path="AttributeName(\"id\")" tf_rpc=PlanResourceChange @caller=github.com/hashicorp/terraform-plugin-framework@v1.19.0/internal/fwserver/server_planresourcechange.go:538 @module=sdk.framework tf_provider_addr=registry.terraform.io/hashicorp/null tf_req_id=5dbacaf4-8b1a-d234-6830-133db1de8fc9 tf_resource_type=null_resource timestamp="2026-08-13T20:38:19.073+0600"
2026-08-13T20:38:19.078+0600 [DEBUG] provider.stdio: received EOF, stopping recv loop: err="rpc error: code = Unavailable desc = error reading from server: EOF"
2026-08-13T20:38:19.080+0600 [INFO]  provider: plugin process exited: plugin=.terraform/providers/registry.terraform.io/hashicorp/null/3.3.0/linux_amd64/terraform-provider-null_v3.3.0_x5 id=16412
2026-08-13T20:38:19.080+0600 [DEBUG] provider: plugin exited
2026-08-13T20:38:19.081+0600 [DEBUG] building apply graph to check for errors
2026-08-13T20:38:19.082+0600 [DEBUG] ProviderTransformer: "null_resource.server_bootstrap (destroy)" (*terraform.NodeDestroyResourceInstance) needs provider["registry.terraform.io/hashicorp/null"]
2026-08-13T20:38:19.082+0600 [DEBUG] ProviderTransformer: "null_resource.server_bootstrap (expand)" (*terraform.nodeExpandApplyableResource) needs provider["registry.terraform.io/hashicorp/null"]
2026-08-13T20:38:19.082+0600 [DEBUG] ProviderTransformer: "null_resource.server_bootstrap" (*terraform.NodeApplyableResourceInstance) needs provider["registry.terraform.io/hashicorp/null"]
2026-08-13T20:38:19.082+0600 [DEBUG] ReferenceTransformer: "null_resource.server_bootstrap (expand)" references: [var.ssh_user var.server_ip var.ssh_private_key_path]
2026-08-13T20:38:19.082+0600 [DEBUG] ReferenceTransformer: "var.ssh_user" references: []
2026-08-13T20:38:19.082+0600 [DEBUG] ReferenceTransformer: "var.server_ip" references: []
2026-08-13T20:38:19.082+0600 [DEBUG] ReferenceTransformer: "output.server_ip (expand)" references: [var.server_ip]
2026-08-13T20:38:19.082+0600 [DEBUG] ReferenceTransformer: "output.server_name (expand)" references: [var.server_name]
2026-08-13T20:38:19.083+0600 [DEBUG] ReferenceTransformer: "null_resource.server_bootstrap" references: [var.server_ip var.ssh_private_key_path var.ssh_user]
2026-08-13T20:38:19.083+0600 [DEBUG] ReferenceTransformer: "provider[\"registry.terraform.io/hashicorp/null\"]" references: []
2026-08-13T20:38:19.083+0600 [DEBUG] ReferenceTransformer: "var.ssh_private_key_path" references: []
2026-08-13T20:38:19.083+0600 [DEBUG] ReferenceTransformer: "var.server_name" references: []
2026-08-13T20:38:19.084+0600 [DEBUG] command: asking for input: "\nDo you want to perform these actions?"
2026-08-13T20:38:25.517+0600 [INFO]  backend/local: apply calling Apply
2026-08-13T20:38:25.517+0600 [DEBUG] Building and walking apply graph for NormalMode plan
2026-08-13T20:38:25.518+0600 [DEBUG] ProviderTransformer: "null_resource.server_bootstrap (expand)" (*terraform.nodeExpandApplyableResource) needs provider["registry.terraform.io/hashicorp/null"]
2026-08-13T20:38:25.518+0600 [DEBUG] ProviderTransformer: "null_resource.server_bootstrap" (*terraform.NodeApplyableResourceInstance) needs provider["registry.terraform.io/hashicorp/null"]
2026-08-13T20:38:25.518+0600 [DEBUG] ProviderTransformer: "null_resource.server_bootstrap (destroy)" (*terraform.NodeDestroyResourceInstance) needs provider["registry.terraform.io/hashicorp/null"]
2026-08-13T20:38:25.518+0600 [DEBUG] ReferenceTransformer: "provider[\"registry.terraform.io/hashicorp/null\"]" references: []
2026-08-13T20:38:25.518+0600 [DEBUG] ReferenceTransformer: "null_resource.server_bootstrap (expand)" references: [var.server_ip var.ssh_private_key_path var.ssh_user]
2026-08-13T20:38:25.518+0600 [DEBUG] ReferenceTransformer: "var.server_name" references: []
2026-08-13T20:38:25.518+0600 [DEBUG] ReferenceTransformer: "var.ssh_user" references: []
2026-08-13T20:38:25.518+0600 [DEBUG] ReferenceTransformer: "var.server_ip" references: []
2026-08-13T20:38:25.518+0600 [DEBUG] ReferenceTransformer: "output.server_ip (expand)" references: [var.server_ip]
2026-08-13T20:38:25.518+0600 [DEBUG] ReferenceTransformer: "var.ssh_private_key_path" references: []
2026-08-13T20:38:25.518+0600 [DEBUG] ReferenceTransformer: "output.server_name (expand)" references: [var.server_name]
2026-08-13T20:38:25.518+0600 [DEBUG] ReferenceTransformer: "null_resource.server_bootstrap" references: [var.server_ip var.ssh_private_key_path var.ssh_user]
2026-08-13T20:38:25.519+0600 [DEBUG] Starting graph walk: walkApply
2026-08-13T20:38:25.520+0600 [DEBUG] created provider logger: level=debug
2026-08-13T20:38:25.520+0600 [INFO]  provider: configuring client automatic mTLS
2026-08-13T20:38:25.533+0600 [DEBUG] provider: starting plugin: path=.terraform/providers/registry.terraform.io/hashicorp/null/3.3.0/linux_amd64/terraform-provider-null_v3.3.0_x5 args=[".terraform/providers/registry.terraform.io/hashicorp/null/3.3.0/linux_amd64/terraform-provider-null_v3.3.0_x5"]
2026-08-13T20:38:25.534+0600 [DEBUG] provider: plugin started: path=.terraform/providers/registry.terraform.io/hashicorp/null/3.3.0/linux_amd64/terraform-provider-null_v3.3.0_x5 pid=16422
2026-08-13T20:38:25.534+0600 [DEBUG] provider: waiting for RPC address: plugin=.terraform/providers/registry.terraform.io/hashicorp/null/3.3.0/linux_amd64/terraform-provider-null_v3.3.0_x5
2026-08-13T20:38:25.547+0600 [INFO]  provider.terraform-provider-null_v3.3.0_x5: configuring server automatic mTLS: timestamp="2026-08-13T20:38:25.546+0600"
2026-08-13T20:38:25.579+0600 [DEBUG] provider: using plugin: version=5
2026-08-13T20:38:25.579+0600 [DEBUG] provider.terraform-provider-null_v3.3.0_x5: plugin address: address=/tmp/plugin259333607 network=unix timestamp="2026-08-13T20:38:25.579+0600"
2026-08-13T20:38:25.604+0600 [INFO]  Starting apply for null_resource.server_bootstrap
2026-08-13T20:38:25.604+0600 [DEBUG] null_resource.server_bootstrap: applying the planned Delete change
2026-08-13T20:38:25.610+0600 [DEBUG] State storage *statemgr.Filesystem declined to persist a state snapshot
2026-08-13T20:38:25.617+0600 [DEBUG] provider.terraform-provider-null_v3.3.0_x5: Marking Computed attributes with null configuration values as unknown (known after apply) in the plan to prevent potential Terraform errors: tf_resource_type=null_resource tf_provider_addr=registry.terraform.io/hashicorp/null tf_rpc=PlanResourceChange @caller=github.com/hashicorp/terraform-plugin-framework@v1.19.0/internal/fwserver/server_planresourcechange.go:250 @module=sdk.framework tf_req_id=4a750dfd-a516-bb7e-e207-660095bf16b5 timestamp="2026-08-13T20:38:25.617+0600"
2026-08-13T20:38:25.617+0600 [DEBUG] provider.terraform-provider-null_v3.3.0_x5: marking computed attribute that is null in the config as unknown: @module=sdk.framework tf_resource_type=null_resource tf_rpc=PlanResourceChange @caller=github.com/hashicorp/terraform-plugin-framework@v1.19.0/internal/fwserver/server_planresourcechange.go:538 tf_attribute_path="AttributeName(\"id\")" tf_provider_addr=registry.terraform.io/hashicorp/null tf_req_id=4a750dfd-a516-bb7e-e207-660095bf16b5 timestamp="2026-08-13T20:38:25.617+0600"
2026-08-13T20:38:25.620+0600 [INFO]  Starting apply for null_resource.server_bootstrap
2026-08-13T20:38:25.620+0600 [DEBUG] null_resource.server_bootstrap: applying the planned Create change
2026-08-13T20:38:25.626+0600 [INFO]  using private key for authentication
2026-08-13T20:38:25.626+0600 [DEBUG] Connecting to 192.168.238.50:22 for SSH
2026-08-13T20:38:25.629+0600 [DEBUG] Connection established. Handshaking for user jafar
2026-08-13T20:38:25.696+0600 [DEBUG] Telling SSH config to forward to agent
2026-08-13T20:38:25.697+0600 [DEBUG] Setting up a session to request agent forwarding
2026-08-13T20:38:25.876+0600 [INFO]  agent forwarding enabled
2026-08-13T20:38:25.876+0600 [DEBUG] starting ssh KeepAlives
2026-08-13T20:38:25.876+0600 [DEBUG] opening new ssh session
2026-08-13T20:38:25.877+0600 [DEBUG] Starting remote scp process:  'scp' -vt /tmp
2026-08-13T20:38:25.887+0600 [DEBUG] Started SCP session, beginning transfers...
2026-08-13T20:38:25.887+0600 [DEBUG] Beginning file upload...
2026-08-13T20:38:25.898+0600 [DEBUG] SCP session complete, closing stdin pipe.
2026-08-13T20:38:25.898+0600 [DEBUG] Waiting for SSH session to complete.
2026-08-13T20:38:25.899+0600 [ERROR] scp stderr: "Sink: C0644 195 terraform_923334529.sh\nscp: debug1: fd 0 clearing O_NONBLOCK\r\n"
2026-08-13T20:38:25.900+0600 [DEBUG] opening new ssh session
2026-08-13T20:38:25.905+0600 [DEBUG] starting remote command: chmod 0777 /tmp/terraform_923334529.sh
2026-08-13T20:38:25.915+0600 [DEBUG] remote command exited with '0': chmod 0777 /tmp/terraform_923334529.sh
2026-08-13T20:38:25.915+0600 [DEBUG] opening new ssh session
2026-08-13T20:38:25.916+0600 [DEBUG] starting remote command: /tmp/terraform_923334529.sh
2026-08-13T20:54:36.973+0600 [WARN]  terraform: Stop called, initiating interrupt sequence
2026-08-13T20:54:36.973+0600 [WARN]  terraform: run context exists, stopping
2026-08-13T20:54:36.973+0600 [INFO]  terraform: waiting for graceful stop to complete
2026-08-13T20:54:36.977+0600 [DEBUG] remote command exited with '0': /tmp/terraform_923334529.sh
2026-08-13T20:54:36.977+0600 [WARN]  Errors while provisioning null_resource.server_bootstrap with "remote-exec", so aborting
2026-08-13T20:54:36.979+0600 [ERROR] vertex "null_resource.server_bootstrap" error: remote-exec provisioner error
2026-08-13T20:54:36.979+0600 [ERROR] vertex "null_resource.server_bootstrap" error: execution halted
2026-08-13T20:54:36.979+0600 [ERROR] vertex "null_resource.server_bootstrap" error: execution halted
2026-08-13T20:54:36.980+0600 [WARN]  terraform: stop complete
2026-08-13T20:54:36.986+0600 [DEBUG] provider.stdio: received EOF, stopping recv loop: err="rpc error: code = Unavailable desc = error reading from server: EOF"
2026-08-13T20:54:37.000+0600 [INFO]  provider: plugin process exited: plugin=.terraform/providers/registry.terraform.io/hashicorp/null/3.3.0/linux_amd64/terraform-provider-null_v3.3.0_x5 id=16422
2026-08-13T20:54:37.000+0600 [DEBUG] provider: plugin exited
2026-08-13T20:54:44.002+0600 [INFO]  Terraform version: 1.15.8
2026-08-13T20:54:44.004+0600 [DEBUG] using github.com/hashicorp/go-tfe v1.105.0
2026-08-13T20:54:44.004+0600 [DEBUG] using github.com/hashicorp/hcl/v2 v2.24.0
2026-08-13T20:54:44.004+0600 [DEBUG] using github.com/hashicorp/terraform-svchost v0.2.1
2026-08-13T20:54:44.005+0600 [DEBUG] using github.com/zclconf/go-cty v1.18.0
2026-08-13T20:54:44.005+0600 [INFO]  Go runtime version: go1.25.10
2026-08-13T20:54:44.005+0600 [INFO]  CLI args: []string{"terraform", "apply"}
2026-08-13T20:54:44.005+0600 [DEBUG] Attempting to open CLI config file: /root/.terraformrc
2026-08-13T20:54:44.005+0600 [DEBUG] File doesn't exist, but doesn't need to. Ignoring.
2026-08-13T20:54:44.007+0600 [DEBUG] ignoring non-existing provider search directory terraform.d/plugins
2026-08-13T20:54:44.007+0600 [DEBUG] ignoring non-existing provider search directory /root/.terraform.d/plugins
2026-08-13T20:54:44.008+0600 [DEBUG] ignoring non-existing provider search directory /root/.local/share/terraform/plugins
2026-08-13T20:54:44.009+0600 [DEBUG] ignoring non-existing provider search directory /usr/local/share/terraform/plugins
2026-08-13T20:54:44.009+0600 [DEBUG] ignoring non-existing provider search directory /usr/share/terraform/plugins
2026-08-13T20:54:44.018+0600 [INFO]  CLI command args: []string{"apply"}
2026-08-13T20:54:44.545+0600 [DEBUG] checking for provisioner in "."
2026-08-13T20:54:44.551+0600 [DEBUG] checking for provisioner in "/usr/bin"
2026-08-13T20:54:44.552+0600 [INFO]  backend/local: starting Apply operation
2026-08-13T20:54:44.553+0600 [DEBUG] ReferenceTransformer: "var.ssh_user" references: []
2026-08-13T20:54:44.553+0600 [DEBUG] ReferenceTransformer: "var.server_ip" references: []
2026-08-13T20:54:44.553+0600 [DEBUG] ReferenceTransformer: "var.ssh_private_key_path" references: []
2026-08-13T20:54:44.553+0600 [DEBUG] ReferenceTransformer: "var.server_name" references: []
2026-08-13T20:54:44.553+0600 [DEBUG] Starting graph walk: walkInit
2026-08-13T20:54:44.554+0600 [DEBUG] created provider logger: level=debug
2026-08-13T20:54:44.554+0600 [INFO]  provider: configuring client automatic mTLS
2026-08-13T20:54:44.584+0600 [DEBUG] provider: starting plugin: path=.terraform/providers/registry.terraform.io/hashicorp/null/3.3.0/linux_amd64/terraform-provider-null_v3.3.0_x5 args=[".terraform/providers/registry.terraform.io/hashicorp/null/3.3.0/linux_amd64/terraform-provider-null_v3.3.0_x5"]
2026-08-13T20:54:44.586+0600 [DEBUG] provider: plugin started: path=.terraform/providers/registry.terraform.io/hashicorp/null/3.3.0/linux_amd64/terraform-provider-null_v3.3.0_x5 pid=17355
2026-08-13T20:54:44.586+0600 [DEBUG] provider: waiting for RPC address: plugin=.terraform/providers/registry.terraform.io/hashicorp/null/3.3.0/linux_amd64/terraform-provider-null_v3.3.0_x5
2026-08-13T20:54:44.595+0600 [INFO]  provider.terraform-provider-null_v3.3.0_x5: configuring server automatic mTLS: timestamp="2026-08-13T20:54:44.594+0600"
2026-08-13T20:54:44.626+0600 [DEBUG] provider: using plugin: version=5
2026-08-13T20:54:44.626+0600 [DEBUG] provider.terraform-provider-null_v3.3.0_x5: plugin address: address=/tmp/plugin2297522760 network=unix timestamp="2026-08-13T20:54:44.626+0600"
2026-08-13T20:54:44.658+0600 [DEBUG] No provider meta schema returned
2026-08-13T20:54:44.659+0600 [DEBUG] provider.stdio: received EOF, stopping recv loop: err="rpc error: code = Unavailable desc = error reading from server: EOF"
2026-08-13T20:54:44.661+0600 [INFO]  provider: plugin process exited: plugin=.terraform/providers/registry.terraform.io/hashicorp/null/3.3.0/linux_amd64/terraform-provider-null_v3.3.0_x5 id=17355
2026-08-13T20:54:44.661+0600 [DEBUG] provider: plugin exited
2026-08-13T20:54:44.661+0600 [DEBUG] Building and walking validate graph
2026-08-13T20:54:44.662+0600 [DEBUG] ProviderTransformer: "null_resource.server_bootstrap" (*terraform.NodeValidatableResource) needs provider["registry.terraform.io/hashicorp/null"]
2026-08-13T20:54:44.662+0600 [DEBUG] ReferenceTransformer: "output.server_name (expand)" references: [var.server_name]
2026-08-13T20:54:44.662+0600 [DEBUG] ReferenceTransformer: "provider[\"registry.terraform.io/hashicorp/null\"]" references: []
2026-08-13T20:54:44.662+0600 [DEBUG] ReferenceTransformer: "null_resource.server_bootstrap" references: [var.ssh_user var.ssh_private_key_path var.server_ip]
2026-08-13T20:54:44.662+0600 [DEBUG] ReferenceTransformer: "var.server_ip" references: []
2026-08-13T20:54:44.662+0600 [DEBUG] ReferenceTransformer: "var.ssh_private_key_path" references: []
2026-08-13T20:54:44.662+0600 [DEBUG] ReferenceTransformer: "var.server_name" references: []
2026-08-13T20:54:44.662+0600 [DEBUG] ReferenceTransformer: "var.ssh_user" references: []
2026-08-13T20:54:44.662+0600 [DEBUG] ReferenceTransformer: "output.server_ip (expand)" references: [var.server_ip]
2026-08-13T20:54:44.662+0600 [DEBUG] Starting graph walk: walkValidate
2026-08-13T20:54:44.663+0600 [DEBUG] created provider logger: level=debug
2026-08-13T20:54:44.663+0600 [INFO]  provider: configuring client automatic mTLS
2026-08-13T20:54:44.677+0600 [DEBUG] provider: starting plugin: path=.terraform/providers/registry.terraform.io/hashicorp/null/3.3.0/linux_amd64/terraform-provider-null_v3.3.0_x5 args=[".terraform/providers/registry.terraform.io/hashicorp/null/3.3.0/linux_amd64/terraform-provider-null_v3.3.0_x5"]
2026-08-13T20:54:44.677+0600 [DEBUG] provider: plugin started: path=.terraform/providers/registry.terraform.io/hashicorp/null/3.3.0/linux_amd64/terraform-provider-null_v3.3.0_x5 pid=17363
2026-08-13T20:54:44.677+0600 [DEBUG] provider: waiting for RPC address: plugin=.terraform/providers/registry.terraform.io/hashicorp/null/3.3.0/linux_amd64/terraform-provider-null_v3.3.0_x5
2026-08-13T20:54:44.688+0600 [INFO]  provider.terraform-provider-null_v3.3.0_x5: configuring server automatic mTLS: timestamp="2026-08-13T20:54:44.688+0600"
2026-08-13T20:54:44.721+0600 [DEBUG] provider.terraform-provider-null_v3.3.0_x5: plugin address: address=/tmp/plugin3792124903 network=unix timestamp="2026-08-13T20:54:44.721+0600"
2026-08-13T20:54:44.722+0600 [DEBUG] provider: using plugin: version=5
2026-08-13T20:54:44.752+0600 [DEBUG] provider.stdio: received EOF, stopping recv loop: err="rpc error: code = Unavailable desc = error reading from server: EOF"
2026-08-13T20:54:44.753+0600 [INFO]  provider: plugin process exited: plugin=.terraform/providers/registry.terraform.io/hashicorp/null/3.3.0/linux_amd64/terraform-provider-null_v3.3.0_x5 id=17363
2026-08-13T20:54:44.753+0600 [DEBUG] provider: plugin exited
2026-08-13T20:54:44.754+0600 [INFO]  backend/local: apply calling Plan
2026-08-13T20:54:44.754+0600 [DEBUG] Building and walking plan graph for NormalMode
2026-08-13T20:54:44.754+0600 [DEBUG] ProviderTransformer: "null_resource.server_bootstrap (expand)" (*terraform.nodeExpandPlannableResource) needs provider["registry.terraform.io/hashicorp/null"]
2026-08-13T20:54:44.755+0600 [DEBUG] ReferenceTransformer: "var.ssh_private_key_path" references: []
2026-08-13T20:54:44.755+0600 [DEBUG] ReferenceTransformer: "var.server_name" references: []
2026-08-13T20:54:44.755+0600 [DEBUG] ReferenceTransformer: "output.server_ip (expand)" references: [var.server_ip]
2026-08-13T20:54:44.755+0600 [DEBUG] ReferenceTransformer: "output.server_name (expand)" references: [var.server_name]
2026-08-13T20:54:44.755+0600 [DEBUG] ReferenceTransformer: "provider[\"registry.terraform.io/hashicorp/null\"]" references: []
2026-08-13T20:54:44.755+0600 [DEBUG] ReferenceTransformer: "null_resource.server_bootstrap (expand)" references: [var.ssh_user var.ssh_private_key_path var.server_ip]
2026-08-13T20:54:44.755+0600 [DEBUG] ReferenceTransformer: "var.ssh_user" references: []
2026-08-13T20:54:44.755+0600 [DEBUG] ReferenceTransformer: "var.server_ip" references: []
2026-08-13T20:54:44.755+0600 [DEBUG] Starting graph walk: walkPlan
2026-08-13T20:54:44.756+0600 [DEBUG] created provider logger: level=debug
2026-08-13T20:54:44.756+0600 [INFO]  provider: configuring client automatic mTLS
2026-08-13T20:54:44.766+0600 [DEBUG] provider: starting plugin: path=.terraform/providers/registry.terraform.io/hashicorp/null/3.3.0/linux_amd64/terraform-provider-null_v3.3.0_x5 args=[".terraform/providers/registry.terraform.io/hashicorp/null/3.3.0/linux_amd64/terraform-provider-null_v3.3.0_x5"]
2026-08-13T20:54:44.767+0600 [DEBUG] provider: plugin started: path=.terraform/providers/registry.terraform.io/hashicorp/null/3.3.0/linux_amd64/terraform-provider-null_v3.3.0_x5 pid=17372
2026-08-13T20:54:44.767+0600 [DEBUG] provider: waiting for RPC address: plugin=.terraform/providers/registry.terraform.io/hashicorp/null/3.3.0/linux_amd64/terraform-provider-null_v3.3.0_x5
2026-08-13T20:54:44.776+0600 [INFO]  provider.terraform-provider-null_v3.3.0_x5: configuring server automatic mTLS: timestamp="2026-08-13T20:54:44.775+0600"
2026-08-13T20:54:44.800+0600 [DEBUG] provider: using plugin: version=5
2026-08-13T20:54:44.800+0600 [DEBUG] provider.terraform-provider-null_v3.3.0_x5: plugin address: address=/tmp/plugin876142751 network=unix timestamp="2026-08-13T20:54:44.799+0600"
2026-08-13T20:54:44.827+0600 [DEBUG] ReferenceTransformer: "null_resource.server_bootstrap" references: []
2026-08-13T20:54:44.834+0600 [DEBUG] provider.terraform-provider-null_v3.3.0_x5: Value switched to prior value due to semantic equality logic: tf_req_id=ca336ee5-59b8-87bf-2d22-524bf1848486 tf_resource_type=null_resource tf_rpc=ReadResource @module=sdk.framework tf_attribute_path=id @caller=github.com/hashicorp/terraform-plugin-framework@v1.19.0/internal/fwschemadata/value_semantic_equality.go:91 tf_provider_addr=registry.terraform.io/hashicorp/null timestamp="2026-08-13T20:54:44.831+0600"
2026-08-13T20:54:44.837+0600 [DEBUG] provider.terraform-provider-null_v3.3.0_x5: Marking Computed attributes with null configuration values as unknown (known after apply) in the plan to prevent potential Terraform errors: @module=sdk.framework tf_req_id=a41bac7e-1d61-165a-e533-22db6abbc1db @caller=github.com/hashicorp/terraform-plugin-framework@v1.19.0/internal/fwserver/server_planresourcechange.go:250 tf_provider_addr=registry.terraform.io/hashicorp/null tf_resource_type=null_resource tf_rpc=PlanResourceChange timestamp="2026-08-13T20:54:44.837+0600"
2026-08-13T20:54:44.837+0600 [DEBUG] provider.terraform-provider-null_v3.3.0_x5: marking computed attribute that is null in the config as unknown: @caller=github.com/hashicorp/terraform-plugin-framework@v1.19.0/internal/fwserver/server_planresourcechange.go:538 @module=sdk.framework tf_attribute_path="AttributeName(\"id\")" tf_provider_addr=registry.terraform.io/hashicorp/null tf_resource_type=null_resource tf_rpc=PlanResourceChange tf_req_id=a41bac7e-1d61-165a-e533-22db6abbc1db timestamp="2026-08-13T20:54:44.837+0600"
2026-08-13T20:54:44.843+0600 [DEBUG] provider.stdio: received EOF, stopping recv loop: err="rpc error: code = Unavailable desc = error reading from server: EOF"
2026-08-13T20:54:44.848+0600 [INFO]  provider: plugin process exited: plugin=.terraform/providers/registry.terraform.io/hashicorp/null/3.3.0/linux_amd64/terraform-provider-null_v3.3.0_x5 id=17372
2026-08-13T20:54:44.848+0600 [DEBUG] provider: plugin exited
2026-08-13T20:54:44.848+0600 [DEBUG] building apply graph to check for errors
2026-08-13T20:54:44.849+0600 [DEBUG] ProviderTransformer: "null_resource.server_bootstrap (destroy)" (*terraform.NodeDestroyResourceInstance) needs provider["registry.terraform.io/hashicorp/null"]
2026-08-13T20:54:44.849+0600 [DEBUG] ProviderTransformer: "null_resource.server_bootstrap (expand)" (*terraform.nodeExpandApplyableResource) needs provider["registry.terraform.io/hashicorp/null"]
2026-08-13T20:54:44.849+0600 [DEBUG] ProviderTransformer: "null_resource.server_bootstrap" (*terraform.NodeApplyableResourceInstance) needs provider["registry.terraform.io/hashicorp/null"]
2026-08-13T20:54:44.849+0600 [DEBUG] ReferenceTransformer: "var.server_name" references: []
2026-08-13T20:54:44.849+0600 [DEBUG] ReferenceTransformer: "var.ssh_user" references: []
2026-08-13T20:54:44.849+0600 [DEBUG] ReferenceTransformer: "var.ssh_private_key_path" references: []
2026-08-13T20:54:44.849+0600 [DEBUG] ReferenceTransformer: "output.server_ip (expand)" references: [var.server_ip]
2026-08-13T20:54:44.849+0600 [DEBUG] ReferenceTransformer: "null_resource.server_bootstrap (expand)" references: [var.ssh_user var.ssh_private_key_path var.server_ip]
2026-08-13T20:54:44.849+0600 [DEBUG] ReferenceTransformer: "var.server_ip" references: []
2026-08-13T20:54:44.849+0600 [DEBUG] ReferenceTransformer: "output.server_name (expand)" references: [var.server_name]
2026-08-13T20:54:44.850+0600 [DEBUG] ReferenceTransformer: "null_resource.server_bootstrap" references: [var.server_ip var.ssh_user var.ssh_private_key_path]
2026-08-13T20:54:44.850+0600 [DEBUG] ReferenceTransformer: "provider[\"registry.terraform.io/hashicorp/null\"]" references: []
2026-08-13T20:54:44.851+0600 [DEBUG] command: asking for input: "\nDo you want to perform these actions?"
2026-08-13T20:54:49.541+0600 [INFO]  backend/local: apply calling Apply
2026-08-13T20:54:49.541+0600 [DEBUG] Building and walking apply graph for NormalMode plan
2026-08-13T20:54:49.544+0600 [DEBUG] ProviderTransformer: "null_resource.server_bootstrap (expand)" (*terraform.nodeExpandApplyableResource) needs provider["registry.terraform.io/hashicorp/null"]
2026-08-13T20:54:49.545+0600 [DEBUG] ProviderTransformer: "null_resource.server_bootstrap" (*terraform.NodeApplyableResourceInstance) needs provider["registry.terraform.io/hashicorp/null"]
2026-08-13T20:54:49.545+0600 [DEBUG] ProviderTransformer: "null_resource.server_bootstrap (destroy)" (*terraform.NodeDestroyResourceInstance) needs provider["registry.terraform.io/hashicorp/null"]
2026-08-13T20:54:49.547+0600 [DEBUG] ReferenceTransformer: "provider[\"registry.terraform.io/hashicorp/null\"]" references: []
2026-08-13T20:54:49.548+0600 [DEBUG] ReferenceTransformer: "null_resource.server_bootstrap (expand)" references: [var.ssh_user var.ssh_private_key_path var.server_ip]
2026-08-13T20:54:49.549+0600 [DEBUG] ReferenceTransformer: "var.ssh_user" references: []
2026-08-13T20:54:49.549+0600 [DEBUG] ReferenceTransformer: "null_resource.server_bootstrap" references: [var.ssh_user var.ssh_private_key_path var.server_ip]
2026-08-13T20:54:49.550+0600 [DEBUG] ReferenceTransformer: "var.ssh_private_key_path" references: []
2026-08-13T20:54:49.550+0600 [DEBUG] ReferenceTransformer: "var.server_name" references: []
2026-08-13T20:54:49.550+0600 [DEBUG] ReferenceTransformer: "var.server_ip" references: []
2026-08-13T20:54:49.550+0600 [DEBUG] ReferenceTransformer: "output.server_ip (expand)" references: [var.server_ip]
2026-08-13T20:54:49.550+0600 [DEBUG] ReferenceTransformer: "output.server_name (expand)" references: [var.server_name]
2026-08-13T20:54:49.557+0600 [DEBUG] Starting graph walk: walkApply
2026-08-13T20:54:49.561+0600 [DEBUG] created provider logger: level=debug
2026-08-13T20:54:49.561+0600 [INFO]  provider: configuring client automatic mTLS
2026-08-13T20:54:49.641+0600 [DEBUG] provider: starting plugin: path=.terraform/providers/registry.terraform.io/hashicorp/null/3.3.0/linux_amd64/terraform-provider-null_v3.3.0_x5 args=[".terraform/providers/registry.terraform.io/hashicorp/null/3.3.0/linux_amd64/terraform-provider-null_v3.3.0_x5"]
2026-08-13T20:54:49.649+0600 [DEBUG] provider: plugin started: path=.terraform/providers/registry.terraform.io/hashicorp/null/3.3.0/linux_amd64/terraform-provider-null_v3.3.0_x5 pid=17385
2026-08-13T20:54:49.650+0600 [DEBUG] provider: waiting for RPC address: plugin=.terraform/providers/registry.terraform.io/hashicorp/null/3.3.0/linux_amd64/terraform-provider-null_v3.3.0_x5
2026-08-13T20:54:49.763+0600 [INFO]  provider.terraform-provider-null_v3.3.0_x5: configuring server automatic mTLS: timestamp="2026-08-13T20:54:49.762+0600"
2026-08-13T20:54:50.085+0600 [DEBUG] provider.terraform-provider-null_v3.3.0_x5: plugin address: address=/tmp/plugin3949979553 network=unix timestamp="2026-08-13T20:54:50.084+0600"
2026-08-13T20:54:50.085+0600 [DEBUG] provider: using plugin: version=5
2026-08-13T20:54:50.296+0600 [INFO]  Starting apply for null_resource.server_bootstrap
2026-08-13T20:54:50.297+0600 [DEBUG] null_resource.server_bootstrap: applying the planned Delete change
2026-08-13T20:54:50.317+0600 [DEBUG] State storage *statemgr.Filesystem declined to persist a state snapshot
2026-08-13T20:54:50.323+0600 [DEBUG] provider.terraform-provider-null_v3.3.0_x5: Marking Computed attributes with null configuration values as unknown (known after apply) in the plan to prevent potential Terraform errors: @caller=github.com/hashicorp/terraform-plugin-framework@v1.19.0/internal/fwserver/server_planresourcechange.go:250 @module=sdk.framework tf_provider_addr=registry.terraform.io/hashicorp/null tf_rpc=PlanResourceChange tf_req_id=a70d5f08-0978-1a5b-2181-b7e32b6ff747 tf_resource_type=null_resource timestamp="2026-08-13T20:54:50.323+0600"
2026-08-13T20:54:50.323+0600 [DEBUG] provider.terraform-provider-null_v3.3.0_x5: marking computed attribute that is null in the config as unknown: tf_rpc=PlanResourceChange @caller=github.com/hashicorp/terraform-plugin-framework@v1.19.0/internal/fwserver/server_planresourcechange.go:538 @module=sdk.framework tf_attribute_path="AttributeName(\"id\")" tf_provider_addr=registry.terraform.io/hashicorp/null tf_req_id=a70d5f08-0978-1a5b-2181-b7e32b6ff747 tf_resource_type=null_resource timestamp="2026-08-13T20:54:50.323+0600"
2026-08-13T20:54:50.325+0600 [INFO]  Starting apply for null_resource.server_bootstrap
2026-08-13T20:54:50.325+0600 [DEBUG] null_resource.server_bootstrap: applying the planned Create change
2026-08-13T20:54:50.330+0600 [INFO]  using private key for authentication
2026-08-13T20:54:50.330+0600 [DEBUG] Connecting to 192.168.238.50:22 for SSH
2026-08-13T20:54:50.340+0600 [DEBUG] Connection established. Handshaking for user jafar
2026-08-13T20:54:50.390+0600 [DEBUG] Telling SSH config to forward to agent
2026-08-13T20:54:50.390+0600 [DEBUG] Setting up a session to request agent forwarding
2026-08-13T20:54:50.539+0600 [INFO]  agent forwarding enabled
2026-08-13T20:54:50.539+0600 [DEBUG] starting ssh KeepAlives
2026-08-13T20:54:50.539+0600 [DEBUG] opening new ssh session
2026-08-13T20:54:50.582+0600 [DEBUG] Starting remote scp process:  'scp' -vt /tmp
2026-08-13T20:54:50.586+0600 [DEBUG] Started SCP session, beginning transfers...
2026-08-13T20:54:50.586+0600 [DEBUG] Beginning file upload...
2026-08-13T20:54:50.602+0600 [DEBUG] SCP session complete, closing stdin pipe.
2026-08-13T20:54:50.602+0600 [DEBUG] Waiting for SSH session to complete.
2026-08-13T20:54:50.605+0600 [ERROR] scp stderr: "Sink: C0644 195 terraform_1489192170.sh\nscp: debug1: fd 0 clearing O_NONBLOCK\r\n"
2026-08-13T20:54:50.605+0600 [DEBUG] opening new ssh session
2026-08-13T20:54:50.612+0600 [DEBUG] starting remote command: chmod 0777 /tmp/terraform_1489192170.sh
2026-08-13T20:54:50.630+0600 [DEBUG] remote command exited with '0': chmod 0777 /tmp/terraform_1489192170.sh
2026-08-13T20:54:50.630+0600 [DEBUG] opening new ssh session
2026-08-13T20:54:50.633+0600 [DEBUG] starting remote command: /tmp/terraform_1489192170.sh
2026-08-13T20:54:59.719+0600 [DEBUG] remote command exited with '0': /tmp/terraform_1489192170.sh
2026-08-13T20:54:59.719+0600 [DEBUG] opening new ssh session
2026-08-13T20:54:59.719+0600 [DEBUG] Starting remote scp process:  'scp' -vt /tmp
2026-08-13T20:54:59.721+0600 [DEBUG] Started SCP session, beginning transfers...
2026-08-13T20:54:59.721+0600 [DEBUG] Copying input data into temporary file so we can read the length
2026-08-13T20:54:59.729+0600 [DEBUG] Beginning file upload...
2026-08-13T20:54:59.731+0600 [DEBUG] SCP session complete, closing stdin pipe.
2026-08-13T20:54:59.731+0600 [DEBUG] Waiting for SSH session to complete.
2026-08-13T20:54:59.732+0600 [ERROR] scp stderr: "Sink: C0644 0 terraform_1489192170.sh\nscp: debug1: fd 0 clearing O_NONBLOCK\r\n"
2026-08-13T20:54:59.737+0600 [DEBUG] State storage *statemgr.Filesystem declined to persist a state snapshot
2026-08-13T20:54:59.739+0600 [DEBUG] provider.stdio: received EOF, stopping recv loop: err="rpc error: code = Unavailable desc = error reading from server: EOF"
2026-08-13T20:54:59.742+0600 [INFO]  provider: plugin process exited: plugin=.terraform/providers/registry.terraform.io/hashicorp/null/3.3.0/linux_amd64/terraform-provider-null_v3.3.0_x5 id=17385
2026-08-13T20:54:59.742+0600 [DEBUG] provider: plugin exited
2026-08-13T21:11:49.850+0600 [INFO]  Terraform version: 1.15.8
2026-08-13T21:11:49.850+0600 [DEBUG] using github.com/hashicorp/go-tfe v1.105.0
2026-08-13T21:11:49.850+0600 [DEBUG] using github.com/hashicorp/hcl/v2 v2.24.0
2026-08-13T21:11:49.850+0600 [DEBUG] using github.com/hashicorp/terraform-svchost v0.2.1
2026-08-13T21:11:49.850+0600 [DEBUG] using github.com/zclconf/go-cty v1.18.0
2026-08-13T21:11:49.850+0600 [INFO]  Go runtime version: go1.25.10
2026-08-13T21:11:49.850+0600 [INFO]  CLI args: []string{"terraform", "apply"}
2026-08-13T21:11:49.850+0600 [DEBUG] Attempting to open CLI config file: /root/.terraformrc
2026-08-13T21:11:49.850+0600 [DEBUG] File doesn't exist, but doesn't need to. Ignoring.
2026-08-13T21:11:49.851+0600 [DEBUG] ignoring non-existing provider search directory terraform.d/plugins
2026-08-13T21:11:49.851+0600 [DEBUG] ignoring non-existing provider search directory /root/.terraform.d/plugins
2026-08-13T21:11:49.851+0600 [DEBUG] ignoring non-existing provider search directory /root/.local/share/terraform/plugins
2026-08-13T21:11:49.851+0600 [DEBUG] ignoring non-existing provider search directory /usr/local/share/terraform/plugins
2026-08-13T21:11:49.851+0600 [DEBUG] ignoring non-existing provider search directory /usr/share/terraform/plugins
2026-08-13T21:11:49.851+0600 [INFO]  CLI command args: []string{"apply"}
2026-08-13T21:11:49.940+0600 [DEBUG] checking for provisioner in "."
2026-08-13T21:11:49.944+0600 [DEBUG] checking for provisioner in "/usr/bin"
2026-08-13T21:11:49.945+0600 [INFO]  backend/local: starting Apply operation
2026-08-13T21:11:49.946+0600 [DEBUG] ReferenceTransformer: "var.server_name" references: []
2026-08-13T21:11:49.946+0600 [DEBUG] ReferenceTransformer: "var.ssh_user" references: []
2026-08-13T21:11:49.946+0600 [DEBUG] ReferenceTransformer: "var.server_ip" references: []
2026-08-13T21:11:49.946+0600 [DEBUG] ReferenceTransformer: "var.ssh_private_key_path" references: []
2026-08-13T21:11:49.946+0600 [DEBUG] Starting graph walk: walkInit
2026-08-13T21:11:49.947+0600 [DEBUG] created provider logger: level=debug
2026-08-13T21:11:49.947+0600 [INFO]  provider: configuring client automatic mTLS
2026-08-13T21:11:49.961+0600 [DEBUG] provider: starting plugin: path=.terraform/providers/registry.terraform.io/hashicorp/null/3.3.0/linux_amd64/terraform-provider-null_v3.3.0_x5 args=[".terraform/providers/registry.terraform.io/hashicorp/null/3.3.0/linux_amd64/terraform-provider-null_v3.3.0_x5"]
2026-08-13T21:11:49.961+0600 [DEBUG] provider: plugin started: path=.terraform/providers/registry.terraform.io/hashicorp/null/3.3.0/linux_amd64/terraform-provider-null_v3.3.0_x5 pid=17903
2026-08-13T21:11:49.961+0600 [DEBUG] provider: waiting for RPC address: plugin=.terraform/providers/registry.terraform.io/hashicorp/null/3.3.0/linux_amd64/terraform-provider-null_v3.3.0_x5
2026-08-13T21:11:49.974+0600 [INFO]  provider.terraform-provider-null_v3.3.0_x5: configuring server automatic mTLS: timestamp="2026-08-13T21:11:49.974+0600"
2026-08-13T21:11:49.989+0600 [DEBUG] provider: using plugin: version=5
2026-08-13T21:11:49.990+0600 [DEBUG] provider.terraform-provider-null_v3.3.0_x5: plugin address: address=/tmp/plugin1111140828 network=unix timestamp="2026-08-13T21:11:49.989+0600"
2026-08-13T21:11:50.015+0600 [DEBUG] No provider meta schema returned
2026-08-13T21:11:50.016+0600 [DEBUG] provider.stdio: received EOF, stopping recv loop: err="rpc error: code = Unavailable desc = error reading from server: EOF"
2026-08-13T21:11:50.017+0600 [INFO]  provider: plugin process exited: plugin=.terraform/providers/registry.terraform.io/hashicorp/null/3.3.0/linux_amd64/terraform-provider-null_v3.3.0_x5 id=17903
2026-08-13T21:11:50.017+0600 [DEBUG] provider: plugin exited
2026-08-13T21:11:50.017+0600 [DEBUG] Building and walking validate graph
2026-08-13T21:11:50.018+0600 [DEBUG] ProviderTransformer: "null_resource.server_bootstrap" (*terraform.NodeValidatableResource) needs provider["registry.terraform.io/hashicorp/null"]
2026-08-13T21:11:50.018+0600 [DEBUG] ReferenceTransformer: "var.server_name" references: []
2026-08-13T21:11:50.018+0600 [DEBUG] ReferenceTransformer: "var.ssh_user" references: []
2026-08-13T21:11:50.018+0600 [DEBUG] ReferenceTransformer: "var.server_ip" references: []
2026-08-13T21:11:50.018+0600 [DEBUG] ReferenceTransformer: "var.ssh_private_key_path" references: []
2026-08-13T21:11:50.018+0600 [DEBUG] ReferenceTransformer: "output.server_ip (expand)" references: [var.server_ip]
2026-08-13T21:11:50.018+0600 [DEBUG] ReferenceTransformer: "output.server_name (expand)" references: [var.server_name]
2026-08-13T21:11:50.018+0600 [DEBUG] ReferenceTransformer: "provider[\"registry.terraform.io/hashicorp/null\"]" references: []
2026-08-13T21:11:50.019+0600 [DEBUG] ReferenceTransformer: "null_resource.server_bootstrap" references: [var.ssh_user var.ssh_private_key_path var.server_ip var.ssh_user var.server_name]
2026-08-13T21:11:50.019+0600 [DEBUG] Starting graph walk: walkValidate
2026-08-13T21:11:50.019+0600 [DEBUG] created provider logger: level=debug
2026-08-13T21:11:50.019+0600 [INFO]  provider: configuring client automatic mTLS
2026-08-13T21:11:50.025+0600 [DEBUG] provider: starting plugin: path=.terraform/providers/registry.terraform.io/hashicorp/null/3.3.0/linux_amd64/terraform-provider-null_v3.3.0_x5 args=[".terraform/providers/registry.terraform.io/hashicorp/null/3.3.0/linux_amd64/terraform-provider-null_v3.3.0_x5"]
2026-08-13T21:11:50.026+0600 [DEBUG] provider: plugin started: path=.terraform/providers/registry.terraform.io/hashicorp/null/3.3.0/linux_amd64/terraform-provider-null_v3.3.0_x5 pid=17913
2026-08-13T21:11:50.026+0600 [DEBUG] provider: waiting for RPC address: plugin=.terraform/providers/registry.terraform.io/hashicorp/null/3.3.0/linux_amd64/terraform-provider-null_v3.3.0_x5
2026-08-13T21:11:50.030+0600 [INFO]  provider.terraform-provider-null_v3.3.0_x5: configuring server automatic mTLS: timestamp="2026-08-13T21:11:50.030+0600"
2026-08-13T21:11:50.046+0600 [DEBUG] provider.terraform-provider-null_v3.3.0_x5: plugin address: address=/tmp/plugin2427124068 network=unix timestamp="2026-08-13T21:11:50.046+0600"
2026-08-13T21:11:50.046+0600 [DEBUG] provider: using plugin: version=5
2026-08-13T21:11:50.061+0600 [DEBUG] provider.stdio: received EOF, stopping recv loop: err="rpc error: code = Unavailable desc = error reading from server: EOF"
2026-08-13T21:11:50.061+0600 [INFO]  provider: plugin process exited: plugin=.terraform/providers/registry.terraform.io/hashicorp/null/3.3.0/linux_amd64/terraform-provider-null_v3.3.0_x5 id=17913
2026-08-13T21:11:50.061+0600 [DEBUG] provider: plugin exited
2026-08-13T21:11:50.062+0600 [INFO]  backend/local: apply calling Plan
2026-08-13T21:11:50.062+0600 [DEBUG] Building and walking plan graph for NormalMode
2026-08-13T21:11:50.062+0600 [DEBUG] ProviderTransformer: "null_resource.server_bootstrap (expand)" (*terraform.nodeExpandPlannableResource) needs provider["registry.terraform.io/hashicorp/null"]
2026-08-13T21:11:50.062+0600 [DEBUG] ReferenceTransformer: "null_resource.server_bootstrap (expand)" references: [var.server_ip var.ssh_user var.ssh_private_key_path var.ssh_user var.server_name]
2026-08-13T21:11:50.062+0600 [DEBUG] ReferenceTransformer: "var.ssh_private_key_path" references: []
2026-08-13T21:11:50.062+0600 [DEBUG] ReferenceTransformer: "var.server_name" references: []
2026-08-13T21:11:50.062+0600 [DEBUG] ReferenceTransformer: "var.ssh_user" references: []
2026-08-13T21:11:50.062+0600 [DEBUG] ReferenceTransformer: "var.server_ip" references: []
2026-08-13T21:11:50.062+0600 [DEBUG] ReferenceTransformer: "output.server_ip (expand)" references: [var.server_ip]
2026-08-13T21:11:50.062+0600 [DEBUG] ReferenceTransformer: "output.server_name (expand)" references: [var.server_name]
2026-08-13T21:11:50.063+0600 [DEBUG] ReferenceTransformer: "provider[\"registry.terraform.io/hashicorp/null\"]" references: []
2026-08-13T21:11:50.063+0600 [DEBUG] Starting graph walk: walkPlan
2026-08-13T21:11:50.063+0600 [DEBUG] created provider logger: level=debug
2026-08-13T21:11:50.063+0600 [INFO]  provider: configuring client automatic mTLS
2026-08-13T21:11:50.072+0600 [DEBUG] provider: starting plugin: path=.terraform/providers/registry.terraform.io/hashicorp/null/3.3.0/linux_amd64/terraform-provider-null_v3.3.0_x5 args=[".terraform/providers/registry.terraform.io/hashicorp/null/3.3.0/linux_amd64/terraform-provider-null_v3.3.0_x5"]
2026-08-13T21:11:50.073+0600 [DEBUG] provider: plugin started: path=.terraform/providers/registry.terraform.io/hashicorp/null/3.3.0/linux_amd64/terraform-provider-null_v3.3.0_x5 pid=17921
2026-08-13T21:11:50.073+0600 [DEBUG] provider: waiting for RPC address: plugin=.terraform/providers/registry.terraform.io/hashicorp/null/3.3.0/linux_amd64/terraform-provider-null_v3.3.0_x5
2026-08-13T21:11:50.078+0600 [INFO]  provider.terraform-provider-null_v3.3.0_x5: configuring server automatic mTLS: timestamp="2026-08-13T21:11:50.077+0600"
2026-08-13T21:11:50.094+0600 [DEBUG] provider: using plugin: version=5
2026-08-13T21:11:50.095+0600 [DEBUG] provider.terraform-provider-null_v3.3.0_x5: plugin address: address=/tmp/plugin3253351232 network=unix timestamp="2026-08-13T21:11:50.094+0600"
2026-08-13T21:11:50.113+0600 [DEBUG] ReferenceTransformer: "null_resource.server_bootstrap" references: []
2026-08-13T21:11:50.115+0600 [DEBUG] provider.terraform-provider-null_v3.3.0_x5: Value switched to prior value due to semantic equality logic: @caller=github.com/hashicorp/terraform-plugin-framework@v1.19.0/internal/fwschemadata/value_semantic_equality.go:91 tf_resource_type=null_resource tf_rpc=ReadResource @module=sdk.framework tf_attribute_path=id tf_provider_addr=registry.terraform.io/hashicorp/null tf_req_id=3cf61ed0-97cd-c356-6db5-3ec880357959 timestamp="2026-08-13T21:11:50.115+0600"
2026-08-13T21:11:50.124+0600 [DEBUG] provider.stdio: received EOF, stopping recv loop: err="rpc error: code = Unavailable desc = error reading from server: EOF"
2026-08-13T21:11:50.126+0600 [INFO]  provider: plugin process exited: plugin=.terraform/providers/registry.terraform.io/hashicorp/null/3.3.0/linux_amd64/terraform-provider-null_v3.3.0_x5 id=17921
2026-08-13T21:11:50.126+0600 [DEBUG] provider: plugin exited
2026-08-13T21:11:50.127+0600 [DEBUG] no planned changes, skipping apply graph check
2026-08-13T21:11:50.127+0600 [INFO]  backend/local: apply calling Apply
2026-08-13T21:11:50.127+0600 [DEBUG] Building and walking apply graph for NormalMode plan
2026-08-13T21:11:50.128+0600 [DEBUG] ProviderTransformer: "null_resource.server_bootstrap (expand)" (*terraform.nodeExpandApplyableResource) needs provider["registry.terraform.io/hashicorp/null"]
2026-08-13T21:11:50.128+0600 [DEBUG] ReferenceTransformer: "var.server_name" references: []
2026-08-13T21:11:50.128+0600 [DEBUG] ReferenceTransformer: "var.ssh_user" references: []
2026-08-13T21:11:50.128+0600 [DEBUG] ReferenceTransformer: "var.server_ip" references: []
2026-08-13T21:11:50.128+0600 [DEBUG] ReferenceTransformer: "var.ssh_private_key_path" references: []
2026-08-13T21:11:50.128+0600 [DEBUG] ReferenceTransformer: "output.server_ip (expand)" references: [var.server_ip]
2026-08-13T21:11:50.128+0600 [DEBUG] ReferenceTransformer: "output.server_name (expand)" references: [var.server_name]
2026-08-13T21:11:50.128+0600 [DEBUG] ReferenceTransformer: "provider[\"registry.terraform.io/hashicorp/null\"]" references: []
2026-08-13T21:11:50.128+0600 [DEBUG] ReferenceTransformer: "null_resource.server_bootstrap (expand)" references: [var.ssh_user var.ssh_private_key_path var.server_ip var.ssh_user var.server_name]
2026-08-13T21:11:50.128+0600 [DEBUG] Starting graph walk: walkApply
2026-08-13T21:11:50.129+0600 [DEBUG] created provider logger: level=debug
2026-08-13T21:11:50.129+0600 [INFO]  provider: configuring client automatic mTLS
2026-08-13T21:11:50.135+0600 [DEBUG] provider: starting plugin: path=.terraform/providers/registry.terraform.io/hashicorp/null/3.3.0/linux_amd64/terraform-provider-null_v3.3.0_x5 args=[".terraform/providers/registry.terraform.io/hashicorp/null/3.3.0/linux_amd64/terraform-provider-null_v3.3.0_x5"]
2026-08-13T21:11:50.135+0600 [DEBUG] provider: plugin started: path=.terraform/providers/registry.terraform.io/hashicorp/null/3.3.0/linux_amd64/terraform-provider-null_v3.3.0_x5 pid=17930
2026-08-13T21:11:50.135+0600 [DEBUG] provider: waiting for RPC address: plugin=.terraform/providers/registry.terraform.io/hashicorp/null/3.3.0/linux_amd64/terraform-provider-null_v3.3.0_x5
2026-08-13T21:11:50.142+0600 [INFO]  provider.terraform-provider-null_v3.3.0_x5: configuring server automatic mTLS: timestamp="2026-08-13T21:11:50.142+0600"
2026-08-13T21:11:50.162+0600 [DEBUG] provider: using plugin: version=5
2026-08-13T21:11:50.163+0600 [DEBUG] provider.terraform-provider-null_v3.3.0_x5: plugin address: address=/tmp/plugin1505502442 network=unix timestamp="2026-08-13T21:11:50.162+0600"
2026-08-13T21:11:50.181+0600 [DEBUG] provider.stdio: received EOF, stopping recv loop: err="rpc error: code = Unavailable desc = error reading from server: EOF"
2026-08-13T21:11:50.182+0600 [INFO]  provider: plugin process exited: plugin=.terraform/providers/registry.terraform.io/hashicorp/null/3.3.0/linux_amd64/terraform-provider-null_v3.3.0_x5 id=17930
2026-08-13T21:11:50.182+0600 [DEBUG] provider: plugin exited
2026-08-13T21:13:39.256+0600 [INFO]  Terraform version: 1.15.8
2026-08-13T21:13:39.256+0600 [DEBUG] using github.com/hashicorp/go-tfe v1.105.0
2026-08-13T21:13:39.256+0600 [DEBUG] using github.com/hashicorp/hcl/v2 v2.24.0
2026-08-13T21:13:39.256+0600 [DEBUG] using github.com/hashicorp/terraform-svchost v0.2.1
2026-08-13T21:13:39.256+0600 [DEBUG] using github.com/zclconf/go-cty v1.18.0
2026-08-13T21:13:39.256+0600 [INFO]  Go runtime version: go1.25.10
2026-08-13T21:13:39.256+0600 [INFO]  CLI args: []string{"terraform", "apply"}
2026-08-13T21:13:39.256+0600 [DEBUG] Attempting to open CLI config file: /root/.terraformrc
2026-08-13T21:13:39.256+0600 [DEBUG] File doesn't exist, but doesn't need to. Ignoring.
2026-08-13T21:13:39.256+0600 [DEBUG] ignoring non-existing provider search directory terraform.d/plugins
2026-08-13T21:13:39.256+0600 [DEBUG] ignoring non-existing provider search directory /root/.terraform.d/plugins
2026-08-13T21:13:39.256+0600 [DEBUG] ignoring non-existing provider search directory /root/.local/share/terraform/plugins
2026-08-13T21:13:39.256+0600 [DEBUG] ignoring non-existing provider search directory /usr/local/share/terraform/plugins
2026-08-13T21:13:39.256+0600 [DEBUG] ignoring non-existing provider search directory /usr/share/terraform/plugins
2026-08-13T21:13:39.257+0600 [INFO]  CLI command args: []string{"apply"}
2026-08-13T21:13:39.308+0600 [DEBUG] checking for provisioner in "."
2026-08-13T21:13:39.311+0600 [DEBUG] checking for provisioner in "/usr/bin"
2026-08-13T21:13:39.312+0600 [INFO]  backend/local: starting Apply operation
2026-08-13T21:13:39.313+0600 [DEBUG] ReferenceTransformer: "var.server_name" references: []
2026-08-13T21:13:39.313+0600 [DEBUG] ReferenceTransformer: "var.ssh_user" references: []
2026-08-13T21:13:39.313+0600 [DEBUG] ReferenceTransformer: "var.server_ip" references: []
2026-08-13T21:13:39.313+0600 [DEBUG] ReferenceTransformer: "var.ssh_private_key_path" references: []
2026-08-13T21:13:39.313+0600 [DEBUG] Starting graph walk: walkInit
2026-08-13T21:13:39.313+0600 [DEBUG] created provider logger: level=debug
2026-08-13T21:13:39.313+0600 [INFO]  provider: configuring client automatic mTLS
2026-08-13T21:13:39.325+0600 [DEBUG] provider: starting plugin: path=.terraform/providers/registry.terraform.io/hashicorp/null/3.3.0/linux_amd64/terraform-provider-null_v3.3.0_x5 args=[".terraform/providers/registry.terraform.io/hashicorp/null/3.3.0/linux_amd64/terraform-provider-null_v3.3.0_x5"]
2026-08-13T21:13:39.326+0600 [DEBUG] provider: plugin started: path=.terraform/providers/registry.terraform.io/hashicorp/null/3.3.0/linux_amd64/terraform-provider-null_v3.3.0_x5 pid=17951
2026-08-13T21:13:39.326+0600 [DEBUG] provider: waiting for RPC address: plugin=.terraform/providers/registry.terraform.io/hashicorp/null/3.3.0/linux_amd64/terraform-provider-null_v3.3.0_x5
2026-08-13T21:13:39.330+0600 [INFO]  provider.terraform-provider-null_v3.3.0_x5: configuring server automatic mTLS: timestamp="2026-08-13T21:13:39.330+0600"
2026-08-13T21:13:39.341+0600 [DEBUG] provider: using plugin: version=5
2026-08-13T21:13:39.342+0600 [DEBUG] provider.terraform-provider-null_v3.3.0_x5: plugin address: address=/tmp/plugin2794220408 network=unix timestamp="2026-08-13T21:13:39.341+0600"
2026-08-13T21:13:39.357+0600 [DEBUG] No provider meta schema returned
2026-08-13T21:13:39.358+0600 [DEBUG] provider.stdio: received EOF, stopping recv loop: err="rpc error: code = Unavailable desc = error reading from server: EOF"
2026-08-13T21:13:39.358+0600 [INFO]  provider: plugin process exited: plugin=.terraform/providers/registry.terraform.io/hashicorp/null/3.3.0/linux_amd64/terraform-provider-null_v3.3.0_x5 id=17951
2026-08-13T21:13:39.359+0600 [DEBUG] provider: plugin exited
2026-08-13T21:13:39.359+0600 [DEBUG] Building and walking validate graph
2026-08-13T21:13:39.359+0600 [DEBUG] ProviderTransformer: "null_resource.server_bootstrap" (*terraform.NodeValidatableResource) needs provider["registry.terraform.io/hashicorp/null"]
2026-08-13T21:13:39.359+0600 [DEBUG] ReferenceTransformer: "output.server_name (expand)" references: [var.server_name]
2026-08-13T21:13:39.359+0600 [DEBUG] ReferenceTransformer: "provider[\"registry.terraform.io/hashicorp/null\"]" references: []
2026-08-13T21:13:39.359+0600 [DEBUG] ReferenceTransformer: "null_resource.server_bootstrap" references: [var.ssh_user var.server_ip var.ssh_private_key_path var.ssh_user var.server_name]
2026-08-13T21:13:39.359+0600 [DEBUG] ReferenceTransformer: "var.server_name" references: []
2026-08-13T21:13:39.359+0600 [DEBUG] ReferenceTransformer: "var.ssh_user" references: []
2026-08-13T21:13:39.359+0600 [DEBUG] ReferenceTransformer: "var.server_ip" references: []
2026-08-13T21:13:39.359+0600 [DEBUG] ReferenceTransformer: "var.ssh_private_key_path" references: []
2026-08-13T21:13:39.359+0600 [DEBUG] ReferenceTransformer: "output.server_ip (expand)" references: [var.server_ip]
2026-08-13T21:13:39.359+0600 [DEBUG] Starting graph walk: walkValidate
2026-08-13T21:13:39.360+0600 [DEBUG] created provider logger: level=debug
2026-08-13T21:13:39.360+0600 [INFO]  provider: configuring client automatic mTLS
2026-08-13T21:13:39.364+0600 [DEBUG] provider: starting plugin: path=.terraform/providers/registry.terraform.io/hashicorp/null/3.3.0/linux_amd64/terraform-provider-null_v3.3.0_x5 args=[".terraform/providers/registry.terraform.io/hashicorp/null/3.3.0/linux_amd64/terraform-provider-null_v3.3.0_x5"]
2026-08-13T21:13:39.364+0600 [DEBUG] provider: plugin started: path=.terraform/providers/registry.terraform.io/hashicorp/null/3.3.0/linux_amd64/terraform-provider-null_v3.3.0_x5 pid=17962
2026-08-13T21:13:39.365+0600 [DEBUG] provider: waiting for RPC address: plugin=.terraform/providers/registry.terraform.io/hashicorp/null/3.3.0/linux_amd64/terraform-provider-null_v3.3.0_x5
2026-08-13T21:13:39.370+0600 [INFO]  provider.terraform-provider-null_v3.3.0_x5: configuring server automatic mTLS: timestamp="2026-08-13T21:13:39.369+0600"
2026-08-13T21:13:39.384+0600 [DEBUG] provider: using plugin: version=5
2026-08-13T21:13:39.384+0600 [DEBUG] provider.terraform-provider-null_v3.3.0_x5: plugin address: address=/tmp/plugin2785465306 network=unix timestamp="2026-08-13T21:13:39.383+0600"
2026-08-13T21:13:39.400+0600 [DEBUG] provider.stdio: received EOF, stopping recv loop: err="rpc error: code = Unavailable desc = error reading from server: EOF"
2026-08-13T21:13:39.400+0600 [INFO]  provider: plugin process exited: plugin=.terraform/providers/registry.terraform.io/hashicorp/null/3.3.0/linux_amd64/terraform-provider-null_v3.3.0_x5 id=17962
2026-08-13T21:13:39.400+0600 [DEBUG] provider: plugin exited
2026-08-13T21:13:39.400+0600 [INFO]  backend/local: apply calling Plan
2026-08-13T21:13:39.400+0600 [DEBUG] Building and walking plan graph for NormalMode
2026-08-13T21:13:39.400+0600 [DEBUG] ProviderTransformer: "null_resource.server_bootstrap (expand)" (*terraform.nodeExpandPlannableResource) needs provider["registry.terraform.io/hashicorp/null"]
2026-08-13T21:13:39.400+0600 [DEBUG] ReferenceTransformer: "var.ssh_user" references: []
2026-08-13T21:13:39.400+0600 [DEBUG] ReferenceTransformer: "var.server_ip" references: []
2026-08-13T21:13:39.400+0600 [DEBUG] ReferenceTransformer: "var.ssh_private_key_path" references: []
2026-08-13T21:13:39.400+0600 [DEBUG] ReferenceTransformer: "output.server_ip (expand)" references: [var.server_ip]
2026-08-13T21:13:39.400+0600 [DEBUG] ReferenceTransformer: "output.server_name (expand)" references: [var.server_name]
2026-08-13T21:13:39.400+0600 [DEBUG] ReferenceTransformer: "provider[\"registry.terraform.io/hashicorp/null\"]" references: []
2026-08-13T21:13:39.400+0600 [DEBUG] ReferenceTransformer: "null_resource.server_bootstrap (expand)" references: [var.ssh_private_key_path var.ssh_user var.server_ip var.ssh_user var.server_name]
2026-08-13T21:13:39.400+0600 [DEBUG] ReferenceTransformer: "var.server_name" references: []
2026-08-13T21:13:39.401+0600 [DEBUG] Starting graph walk: walkPlan
2026-08-13T21:13:39.401+0600 [DEBUG] created provider logger: level=debug
2026-08-13T21:13:39.401+0600 [INFO]  provider: configuring client automatic mTLS
2026-08-13T21:13:39.406+0600 [DEBUG] provider: starting plugin: path=.terraform/providers/registry.terraform.io/hashicorp/null/3.3.0/linux_amd64/terraform-provider-null_v3.3.0_x5 args=[".terraform/providers/registry.terraform.io/hashicorp/null/3.3.0/linux_amd64/terraform-provider-null_v3.3.0_x5"]
2026-08-13T21:13:39.406+0600 [DEBUG] provider: plugin started: path=.terraform/providers/registry.terraform.io/hashicorp/null/3.3.0/linux_amd64/terraform-provider-null_v3.3.0_x5 pid=17969
2026-08-13T21:13:39.406+0600 [DEBUG] provider: waiting for RPC address: plugin=.terraform/providers/registry.terraform.io/hashicorp/null/3.3.0/linux_amd64/terraform-provider-null_v3.3.0_x5
2026-08-13T21:13:39.411+0600 [INFO]  provider.terraform-provider-null_v3.3.0_x5: configuring server automatic mTLS: timestamp="2026-08-13T21:13:39.411+0600"
2026-08-13T21:13:39.426+0600 [DEBUG] provider: using plugin: version=5
2026-08-13T21:13:39.427+0600 [DEBUG] provider.terraform-provider-null_v3.3.0_x5: plugin address: address=/tmp/plugin1489072318 network=unix timestamp="2026-08-13T21:13:39.426+0600"
2026-08-13T21:13:39.443+0600 [DEBUG] ReferenceTransformer: "null_resource.server_bootstrap" references: []
2026-08-13T21:13:39.447+0600 [DEBUG] provider.terraform-provider-null_v3.3.0_x5: Value switched to prior value due to semantic equality logic: @caller=github.com/hashicorp/terraform-plugin-framework@v1.19.0/internal/fwschemadata/value_semantic_equality.go:91 tf_attribute_path=id tf_provider_addr=registry.terraform.io/hashicorp/null tf_resource_type=null_resource @module=sdk.framework tf_req_id=28816872-a6ba-a897-746f-a8b6adef0083 tf_rpc=ReadResource timestamp="2026-08-13T21:13:39.446+0600"
2026-08-13T21:13:39.454+0600 [DEBUG] provider.stdio: received EOF, stopping recv loop: err="rpc error: code = Unavailable desc = error reading from server: EOF"
2026-08-13T21:13:39.455+0600 [INFO]  provider: plugin process exited: plugin=.terraform/providers/registry.terraform.io/hashicorp/null/3.3.0/linux_amd64/terraform-provider-null_v3.3.0_x5 id=17969
2026-08-13T21:13:39.455+0600 [DEBUG] provider: plugin exited
2026-08-13T21:13:39.456+0600 [DEBUG] no planned changes, skipping apply graph check
2026-08-13T21:13:39.456+0600 [INFO]  backend/local: apply calling Apply
2026-08-13T21:13:39.456+0600 [DEBUG] Building and walking apply graph for NormalMode plan
2026-08-13T21:13:39.456+0600 [DEBUG] ProviderTransformer: "null_resource.server_bootstrap (expand)" (*terraform.nodeExpandApplyableResource) needs provider["registry.terraform.io/hashicorp/null"]
2026-08-13T21:13:39.456+0600 [DEBUG] ReferenceTransformer: "var.ssh_user" references: []
2026-08-13T21:13:39.456+0600 [DEBUG] ReferenceTransformer: "var.server_ip" references: []
2026-08-13T21:13:39.456+0600 [DEBUG] ReferenceTransformer: "var.ssh_private_key_path" references: []
2026-08-13T21:13:39.456+0600 [DEBUG] ReferenceTransformer: "output.server_ip (expand)" references: [var.server_ip]
2026-08-13T21:13:39.456+0600 [DEBUG] ReferenceTransformer: "output.server_name (expand)" references: [var.server_name]
2026-08-13T21:13:39.456+0600 [DEBUG] ReferenceTransformer: "provider[\"registry.terraform.io/hashicorp/null\"]" references: []
2026-08-13T21:13:39.456+0600 [DEBUG] ReferenceTransformer: "null_resource.server_bootstrap (expand)" references: [var.ssh_private_key_path var.ssh_user var.server_ip var.ssh_user var.server_name]
2026-08-13T21:13:39.456+0600 [DEBUG] ReferenceTransformer: "var.server_name" references: []
2026-08-13T21:13:39.457+0600 [DEBUG] Starting graph walk: walkApply
2026-08-13T21:13:39.457+0600 [DEBUG] created provider logger: level=debug
2026-08-13T21:13:39.457+0600 [INFO]  provider: configuring client automatic mTLS
2026-08-13T21:13:39.465+0600 [DEBUG] provider: starting plugin: path=.terraform/providers/registry.terraform.io/hashicorp/null/3.3.0/linux_amd64/terraform-provider-null_v3.3.0_x5 args=[".terraform/providers/registry.terraform.io/hashicorp/null/3.3.0/linux_amd64/terraform-provider-null_v3.3.0_x5"]
2026-08-13T21:13:39.465+0600 [DEBUG] provider: plugin started: path=.terraform/providers/registry.terraform.io/hashicorp/null/3.3.0/linux_amd64/terraform-provider-null_v3.3.0_x5 pid=17978
2026-08-13T21:13:39.465+0600 [DEBUG] provider: waiting for RPC address: plugin=.terraform/providers/registry.terraform.io/hashicorp/null/3.3.0/linux_amd64/terraform-provider-null_v3.3.0_x5
2026-08-13T21:13:39.470+0600 [INFO]  provider.terraform-provider-null_v3.3.0_x5: configuring server automatic mTLS: timestamp="2026-08-13T21:13:39.470+0600"
2026-08-13T21:13:39.487+0600 [DEBUG] provider: using plugin: version=5
2026-08-13T21:13:39.487+0600 [DEBUG] provider.terraform-provider-null_v3.3.0_x5: plugin address: address=/tmp/plugin3283467516 network=unix timestamp="2026-08-13T21:13:39.486+0600"
2026-08-13T21:13:39.507+0600 [DEBUG] provider.stdio: received EOF, stopping recv loop: err="rpc error: code = Unavailable desc = error reading from server: EOF"
2026-08-13T21:13:39.508+0600 [INFO]  provider: plugin process exited: plugin=.terraform/providers/registry.terraform.io/hashicorp/null/3.3.0/linux_amd64/terraform-provider-null_v3.3.0_x5 id=17978
2026-08-13T21:13:39.508+0600 [DEBUG] provider: plugin exited
2026-08-13T21:16:22.442+0600 [INFO]  Terraform version: 1.15.8
2026-08-13T21:16:22.442+0600 [DEBUG] using github.com/hashicorp/go-tfe v1.105.0
2026-08-13T21:16:22.442+0600 [DEBUG] using github.com/hashicorp/hcl/v2 v2.24.0
2026-08-13T21:16:22.442+0600 [DEBUG] using github.com/hashicorp/terraform-svchost v0.2.1
2026-08-13T21:16:22.442+0600 [DEBUG] using github.com/zclconf/go-cty v1.18.0
2026-08-13T21:16:22.442+0600 [INFO]  Go runtime version: go1.25.10
2026-08-13T21:16:22.442+0600 [INFO]  CLI args: []string{"terraform", "validate"}
2026-08-13T21:16:22.442+0600 [DEBUG] Attempting to open CLI config file: /root/.terraformrc
2026-08-13T21:16:22.442+0600 [DEBUG] File doesn't exist, but doesn't need to. Ignoring.
2026-08-13T21:16:22.442+0600 [DEBUG] ignoring non-existing provider search directory terraform.d/plugins
2026-08-13T21:16:22.442+0600 [DEBUG] ignoring non-existing provider search directory /root/.terraform.d/plugins
2026-08-13T21:16:22.442+0600 [DEBUG] ignoring non-existing provider search directory /root/.local/share/terraform/plugins
2026-08-13T21:16:22.442+0600 [DEBUG] ignoring non-existing provider search directory /usr/local/share/terraform/plugins
2026-08-13T21:16:22.442+0600 [DEBUG] ignoring non-existing provider search directory /usr/share/terraform/plugins
2026-08-13T21:16:22.443+0600 [INFO]  CLI command args: []string{"validate"}
2026-08-13T21:16:22.444+0600 [DEBUG] ReferenceTransformer: "var.ssh_private_key_path" references: []
2026-08-13T21:16:22.444+0600 [DEBUG] ReferenceTransformer: "var.server_name" references: []
2026-08-13T21:16:22.444+0600 [DEBUG] ReferenceTransformer: "var.ssh_user" references: []
2026-08-13T21:16:22.444+0600 [DEBUG] ReferenceTransformer: "var.server_ip" references: []
2026-08-13T21:16:22.444+0600 [DEBUG] Starting graph walk: walkInit
2026-08-13T21:16:22.495+0600 [DEBUG] checking for provisioner in "."
2026-08-13T21:16:22.499+0600 [DEBUG] checking for provisioner in "/usr/bin"
2026-08-13T21:16:22.499+0600 [DEBUG] created provider logger: level=debug
2026-08-13T21:16:22.499+0600 [INFO]  provider: configuring client automatic mTLS
2026-08-13T21:16:22.510+0600 [DEBUG] provider: starting plugin: path=.terraform/providers/registry.terraform.io/hashicorp/null/3.3.0/linux_amd64/terraform-provider-null_v3.3.0_x5 args=[".terraform/providers/registry.terraform.io/hashicorp/null/3.3.0/linux_amd64/terraform-provider-null_v3.3.0_x5"]
2026-08-13T21:16:22.510+0600 [DEBUG] provider: plugin started: path=.terraform/providers/registry.terraform.io/hashicorp/null/3.3.0/linux_amd64/terraform-provider-null_v3.3.0_x5 pid=18003
2026-08-13T21:16:22.510+0600 [DEBUG] provider: waiting for RPC address: plugin=.terraform/providers/registry.terraform.io/hashicorp/null/3.3.0/linux_amd64/terraform-provider-null_v3.3.0_x5
2026-08-13T21:16:22.515+0600 [INFO]  provider.terraform-provider-null_v3.3.0_x5: configuring server automatic mTLS: timestamp="2026-08-13T21:16:22.515+0600"
2026-08-13T21:16:22.527+0600 [DEBUG] provider: using plugin: version=5
2026-08-13T21:16:22.527+0600 [DEBUG] provider.terraform-provider-null_v3.3.0_x5: plugin address: address=/tmp/plugin2487281035 network=unix timestamp="2026-08-13T21:16:22.527+0600"
2026-08-13T21:16:22.540+0600 [DEBUG] No provider meta schema returned
2026-08-13T21:16:22.540+0600 [DEBUG] provider.stdio: received EOF, stopping recv loop: err="rpc error: code = Unavailable desc = error reading from server: EOF"
2026-08-13T21:16:22.541+0600 [INFO]  provider: plugin process exited: plugin=.terraform/providers/registry.terraform.io/hashicorp/null/3.3.0/linux_amd64/terraform-provider-null_v3.3.0_x5 id=18003
2026-08-13T21:16:22.541+0600 [DEBUG] provider: plugin exited
2026-08-13T21:16:22.541+0600 [DEBUG] Building and walking validate graph
2026-08-13T21:16:22.541+0600 [DEBUG] ProviderTransformer: "null_resource.server_bootstrap" (*terraform.NodeValidatableResource) needs provider["registry.terraform.io/hashicorp/null"]
2026-08-13T21:16:22.542+0600 [DEBUG] ReferenceTransformer: "provider[\"registry.terraform.io/hashicorp/null\"]" references: []
2026-08-13T21:16:22.542+0600 [DEBUG] ReferenceTransformer: "null_resource.server_bootstrap" references: [var.ssh_user var.ssh_private_key_path var.server_ip var.ssh_user var.server_name]
2026-08-13T21:16:22.542+0600 [DEBUG] ReferenceTransformer: "var.ssh_user" references: []
2026-08-13T21:16:22.542+0600 [DEBUG] ReferenceTransformer: "var.server_ip" references: []
2026-08-13T21:16:22.542+0600 [DEBUG] ReferenceTransformer: "var.ssh_private_key_path" references: []
2026-08-13T21:16:22.542+0600 [DEBUG] ReferenceTransformer: "var.server_name" references: []
2026-08-13T21:16:22.542+0600 [DEBUG] ReferenceTransformer: "output.server_ip (expand)" references: [var.server_ip]
2026-08-13T21:16:22.542+0600 [DEBUG] ReferenceTransformer: "output.server_name (expand)" references: [var.server_name]
2026-08-13T21:16:22.542+0600 [DEBUG] Starting graph walk: walkValidate
2026-08-13T21:16:22.542+0600 [DEBUG] created provider logger: level=debug
2026-08-13T21:16:22.542+0600 [INFO]  provider: configuring client automatic mTLS
2026-08-13T21:16:22.547+0600 [DEBUG] provider: starting plugin: path=.terraform/providers/registry.terraform.io/hashicorp/null/3.3.0/linux_amd64/terraform-provider-null_v3.3.0_x5 args=[".terraform/providers/registry.terraform.io/hashicorp/null/3.3.0/linux_amd64/terraform-provider-null_v3.3.0_x5"]
2026-08-13T21:16:22.547+0600 [DEBUG] provider: plugin started: path=.terraform/providers/registry.terraform.io/hashicorp/null/3.3.0/linux_amd64/terraform-provider-null_v3.3.0_x5 pid=18011
2026-08-13T21:16:22.547+0600 [DEBUG] provider: waiting for RPC address: plugin=.terraform/providers/registry.terraform.io/hashicorp/null/3.3.0/linux_amd64/terraform-provider-null_v3.3.0_x5
2026-08-13T21:16:22.552+0600 [INFO]  provider.terraform-provider-null_v3.3.0_x5: configuring server automatic mTLS: timestamp="2026-08-13T21:16:22.551+0600"
2026-08-13T21:16:22.562+0600 [DEBUG] provider.terraform-provider-null_v3.3.0_x5: plugin address: address=/tmp/plugin1852945028 network=unix timestamp="2026-08-13T21:16:22.562+0600"
2026-08-13T21:16:22.562+0600 [DEBUG] provider: using plugin: version=5
2026-08-13T21:16:22.575+0600 [DEBUG] provider.stdio: received EOF, stopping recv loop: err="rpc error: code = Unavailable desc = error reading from server: EOF"
2026-08-13T21:16:22.576+0600 [INFO]  provider: plugin process exited: plugin=.terraform/providers/registry.terraform.io/hashicorp/null/3.3.0/linux_amd64/terraform-provider-null_v3.3.0_x5 id=18011
2026-08-13T21:16:22.576+0600 [DEBUG] provider: plugin exited
2026-08-13T21:16:29.453+0600 [INFO]  Terraform version: 1.15.8
2026-08-13T21:16:29.453+0600 [DEBUG] using github.com/hashicorp/go-tfe v1.105.0
2026-08-13T21:16:29.453+0600 [DEBUG] using github.com/hashicorp/hcl/v2 v2.24.0
2026-08-13T21:16:29.453+0600 [DEBUG] using github.com/hashicorp/terraform-svchost v0.2.1
2026-08-13T21:16:29.453+0600 [DEBUG] using github.com/zclconf/go-cty v1.18.0
2026-08-13T21:16:29.453+0600 [INFO]  Go runtime version: go1.25.10
2026-08-13T21:16:29.453+0600 [INFO]  CLI args: []string{"terraform", "plan"}
2026-08-13T21:16:29.453+0600 [DEBUG] Attempting to open CLI config file: /root/.terraformrc
2026-08-13T21:16:29.453+0600 [DEBUG] File doesn't exist, but doesn't need to. Ignoring.
2026-08-13T21:16:29.453+0600 [DEBUG] ignoring non-existing provider search directory terraform.d/plugins
2026-08-13T21:16:29.453+0600 [DEBUG] ignoring non-existing provider search directory /root/.terraform.d/plugins
2026-08-13T21:16:29.453+0600 [DEBUG] ignoring non-existing provider search directory /root/.local/share/terraform/plugins
2026-08-13T21:16:29.453+0600 [DEBUG] ignoring non-existing provider search directory /usr/local/share/terraform/plugins
2026-08-13T21:16:29.453+0600 [DEBUG] ignoring non-existing provider search directory /usr/share/terraform/plugins
2026-08-13T21:16:29.454+0600 [INFO]  CLI command args: []string{"plan"}
2026-08-13T21:16:29.506+0600 [DEBUG] checking for provisioner in "."
2026-08-13T21:16:29.509+0600 [DEBUG] checking for provisioner in "/usr/bin"
2026-08-13T21:16:29.509+0600 [INFO]  backend/local: starting Plan operation
2026-08-13T21:16:29.510+0600 [DEBUG] ReferenceTransformer: "var.server_name" references: []
2026-08-13T21:16:29.510+0600 [DEBUG] ReferenceTransformer: "var.ssh_user" references: []
2026-08-13T21:16:29.510+0600 [DEBUG] ReferenceTransformer: "var.server_ip" references: []
2026-08-13T21:16:29.510+0600 [DEBUG] ReferenceTransformer: "var.ssh_private_key_path" references: []
2026-08-13T21:16:29.510+0600 [DEBUG] Starting graph walk: walkInit
2026-08-13T21:16:29.511+0600 [DEBUG] created provider logger: level=debug
2026-08-13T21:16:29.511+0600 [INFO]  provider: configuring client automatic mTLS
2026-08-13T21:16:29.522+0600 [DEBUG] provider: starting plugin: path=.terraform/providers/registry.terraform.io/hashicorp/null/3.3.0/linux_amd64/terraform-provider-null_v3.3.0_x5 args=[".terraform/providers/registry.terraform.io/hashicorp/null/3.3.0/linux_amd64/terraform-provider-null_v3.3.0_x5"]
2026-08-13T21:16:29.522+0600 [DEBUG] provider: plugin started: path=.terraform/providers/registry.terraform.io/hashicorp/null/3.3.0/linux_amd64/terraform-provider-null_v3.3.0_x5 pid=18029
2026-08-13T21:16:29.522+0600 [DEBUG] provider: waiting for RPC address: plugin=.terraform/providers/registry.terraform.io/hashicorp/null/3.3.0/linux_amd64/terraform-provider-null_v3.3.0_x5
2026-08-13T21:16:29.526+0600 [INFO]  provider.terraform-provider-null_v3.3.0_x5: configuring server automatic mTLS: timestamp="2026-08-13T21:16:29.526+0600"
2026-08-13T21:16:29.537+0600 [DEBUG] provider.terraform-provider-null_v3.3.0_x5: plugin address: address=/tmp/plugin1463716712 network=unix timestamp="2026-08-13T21:16:29.537+0600"
2026-08-13T21:16:29.537+0600 [DEBUG] provider: using plugin: version=5
2026-08-13T21:16:29.550+0600 [DEBUG] No provider meta schema returned
2026-08-13T21:16:29.554+0600 [INFO]  provider: plugin process exited: plugin=.terraform/providers/registry.terraform.io/hashicorp/null/3.3.0/linux_amd64/terraform-provider-null_v3.3.0_x5 id=18029
2026-08-13T21:16:29.554+0600 [DEBUG] provider.stdio: received EOF, stopping recv loop: err="rpc error: code = Unavailable desc = error reading from server: EOF"
2026-08-13T21:16:29.554+0600 [DEBUG] provider: plugin exited
2026-08-13T21:16:29.554+0600 [DEBUG] Building and walking validate graph
2026-08-13T21:16:29.554+0600 [DEBUG] ProviderTransformer: "null_resource.server_bootstrap" (*terraform.NodeValidatableResource) needs provider["registry.terraform.io/hashicorp/null"]
2026-08-13T21:16:29.554+0600 [DEBUG] ReferenceTransformer: "output.server_ip (expand)" references: [var.server_ip]
2026-08-13T21:16:29.554+0600 [DEBUG] ReferenceTransformer: "output.server_name (expand)" references: [var.server_name]
2026-08-13T21:16:29.554+0600 [DEBUG] ReferenceTransformer: "provider[\"registry.terraform.io/hashicorp/null\"]" references: []
2026-08-13T21:16:29.554+0600 [DEBUG] ReferenceTransformer: "null_resource.server_bootstrap" references: [var.ssh_private_key_path var.ssh_user var.server_ip var.ssh_user var.server_name]
2026-08-13T21:16:29.554+0600 [DEBUG] ReferenceTransformer: "var.server_name" references: []
2026-08-13T21:16:29.554+0600 [DEBUG] ReferenceTransformer: "var.ssh_user" references: []
2026-08-13T21:16:29.554+0600 [DEBUG] ReferenceTransformer: "var.server_ip" references: []
2026-08-13T21:16:29.554+0600 [DEBUG] ReferenceTransformer: "var.ssh_private_key_path" references: []
2026-08-13T21:16:29.554+0600 [DEBUG] Starting graph walk: walkValidate
2026-08-13T21:16:29.555+0600 [DEBUG] created provider logger: level=debug
2026-08-13T21:16:29.555+0600 [INFO]  provider: configuring client automatic mTLS
2026-08-13T21:16:29.559+0600 [DEBUG] provider: starting plugin: path=.terraform/providers/registry.terraform.io/hashicorp/null/3.3.0/linux_amd64/terraform-provider-null_v3.3.0_x5 args=[".terraform/providers/registry.terraform.io/hashicorp/null/3.3.0/linux_amd64/terraform-provider-null_v3.3.0_x5"]
2026-08-13T21:16:29.559+0600 [DEBUG] provider: plugin started: path=.terraform/providers/registry.terraform.io/hashicorp/null/3.3.0/linux_amd64/terraform-provider-null_v3.3.0_x5 pid=18038
2026-08-13T21:16:29.559+0600 [DEBUG] provider: waiting for RPC address: plugin=.terraform/providers/registry.terraform.io/hashicorp/null/3.3.0/linux_amd64/terraform-provider-null_v3.3.0_x5
2026-08-13T21:16:29.565+0600 [INFO]  provider.terraform-provider-null_v3.3.0_x5: configuring server automatic mTLS: timestamp="2026-08-13T21:16:29.563+0600"
2026-08-13T21:16:29.575+0600 [DEBUG] provider: using plugin: version=5
2026-08-13T21:16:29.575+0600 [DEBUG] provider.terraform-provider-null_v3.3.0_x5: plugin address: address=/tmp/plugin2828701232 network=unix timestamp="2026-08-13T21:16:29.575+0600"
2026-08-13T21:16:29.587+0600 [DEBUG] provider.stdio: received EOF, stopping recv loop: err="rpc error: code = Unavailable desc = error reading from server: EOF"
2026-08-13T21:16:29.588+0600 [INFO]  provider: plugin process exited: plugin=.terraform/providers/registry.terraform.io/hashicorp/null/3.3.0/linux_amd64/terraform-provider-null_v3.3.0_x5 id=18038
2026-08-13T21:16:29.588+0600 [DEBUG] provider: plugin exited
2026-08-13T21:16:29.588+0600 [INFO]  backend/local: plan calling Plan
2026-08-13T21:16:29.589+0600 [DEBUG] Building and walking plan graph for NormalMode
2026-08-13T21:16:29.589+0600 [DEBUG] ProviderTransformer: "null_resource.server_bootstrap (expand)" (*terraform.nodeExpandPlannableResource) needs provider["registry.terraform.io/hashicorp/null"]
2026-08-13T21:16:29.589+0600 [DEBUG] ReferenceTransformer: "var.server_ip" references: []
2026-08-13T21:16:29.590+0600 [DEBUG] ReferenceTransformer: "output.server_ip (expand)" references: [var.server_ip]
2026-08-13T21:16:29.590+0600 [DEBUG] ReferenceTransformer: "output.server_name (expand)" references: [var.server_name]
2026-08-13T21:16:29.590+0600 [DEBUG] ReferenceTransformer: "provider[\"registry.terraform.io/hashicorp/null\"]" references: []
2026-08-13T21:16:29.590+0600 [DEBUG] ReferenceTransformer: "null_resource.server_bootstrap (expand)" references: [var.ssh_user var.server_ip var.ssh_private_key_path var.ssh_user var.server_name]
2026-08-13T21:16:29.590+0600 [DEBUG] ReferenceTransformer: "var.ssh_private_key_path" references: []
2026-08-13T21:16:29.590+0600 [DEBUG] ReferenceTransformer: "var.server_name" references: []
2026-08-13T21:16:29.590+0600 [DEBUG] ReferenceTransformer: "var.ssh_user" references: []
2026-08-13T21:16:29.590+0600 [DEBUG] Starting graph walk: walkPlan
2026-08-13T21:16:29.590+0600 [DEBUG] created provider logger: level=debug
2026-08-13T21:16:29.590+0600 [INFO]  provider: configuring client automatic mTLS
2026-08-13T21:16:29.594+0600 [DEBUG] provider: starting plugin: path=.terraform/providers/registry.terraform.io/hashicorp/null/3.3.0/linux_amd64/terraform-provider-null_v3.3.0_x5 args=[".terraform/providers/registry.terraform.io/hashicorp/null/3.3.0/linux_amd64/terraform-provider-null_v3.3.0_x5"]
2026-08-13T21:16:29.595+0600 [DEBUG] provider: plugin started: path=.terraform/providers/registry.terraform.io/hashicorp/null/3.3.0/linux_amd64/terraform-provider-null_v3.3.0_x5 pid=18047
2026-08-13T21:16:29.595+0600 [DEBUG] provider: waiting for RPC address: plugin=.terraform/providers/registry.terraform.io/hashicorp/null/3.3.0/linux_amd64/terraform-provider-null_v3.3.0_x5
2026-08-13T21:16:29.599+0600 [INFO]  provider.terraform-provider-null_v3.3.0_x5: configuring server automatic mTLS: timestamp="2026-08-13T21:16:29.598+0600"
2026-08-13T21:16:29.610+0600 [DEBUG] provider.terraform-provider-null_v3.3.0_x5: plugin address: address=/tmp/plugin1460130591 network=unix timestamp="2026-08-13T21:16:29.609+0600"
2026-08-13T21:16:29.610+0600 [DEBUG] provider: using plugin: version=5
2026-08-13T21:16:29.622+0600 [DEBUG] ReferenceTransformer: "null_resource.server_bootstrap" references: []
2026-08-13T21:16:29.625+0600 [DEBUG] provider.terraform-provider-null_v3.3.0_x5: Value switched to prior value due to semantic equality logic: @caller=github.com/hashicorp/terraform-plugin-framework@v1.19.0/internal/fwschemadata/value_semantic_equality.go:91 @module=sdk.framework tf_req_id=a3d32950-0595-9556-4750-9230dd80a43f tf_resource_type=null_resource tf_attribute_path=id tf_provider_addr=registry.terraform.io/hashicorp/null tf_rpc=ReadResource timestamp="2026-08-13T21:16:29.624+0600"
2026-08-13T21:16:29.637+0600 [DEBUG] provider.stdio: received EOF, stopping recv loop: err="rpc error: code = Unavailable desc = error reading from server: EOF"
2026-08-13T21:16:29.638+0600 [INFO]  provider: plugin process exited: plugin=.terraform/providers/registry.terraform.io/hashicorp/null/3.3.0/linux_amd64/terraform-provider-null_v3.3.0_x5 id=18047
2026-08-13T21:16:29.638+0600 [DEBUG] provider: plugin exited
2026-08-13T21:16:29.639+0600 [DEBUG] no planned changes, skipping apply graph check
2026-08-13T21:16:29.639+0600 [INFO]  backend/local: plan operation completed
2026-08-13T21:22:41.786+0600 [INFO]  Terraform version: 1.15.8
2026-08-13T21:22:41.787+0600 [DEBUG] using github.com/hashicorp/go-tfe v1.105.0
2026-08-13T21:22:41.787+0600 [DEBUG] using github.com/hashicorp/hcl/v2 v2.24.0
2026-08-13T21:22:41.787+0600 [DEBUG] using github.com/hashicorp/terraform-svchost v0.2.1
2026-08-13T21:22:41.787+0600 [DEBUG] using github.com/zclconf/go-cty v1.18.0
2026-08-13T21:22:41.787+0600 [INFO]  Go runtime version: go1.25.10
2026-08-13T21:22:41.787+0600 [INFO]  CLI args: []string{"terraform", "apply", "-replace=null_resource.server_bootstrap"}
2026-08-13T21:22:41.787+0600 [DEBUG] Attempting to open CLI config file: /root/.terraformrc
2026-08-13T21:22:41.787+0600 [DEBUG] File doesn't exist, but doesn't need to. Ignoring.
2026-08-13T21:22:41.787+0600 [DEBUG] ignoring non-existing provider search directory terraform.d/plugins
2026-08-13T21:22:41.787+0600 [DEBUG] ignoring non-existing provider search directory /root/.terraform.d/plugins
2026-08-13T21:22:41.787+0600 [DEBUG] ignoring non-existing provider search directory /root/.local/share/terraform/plugins
2026-08-13T21:22:41.787+0600 [DEBUG] ignoring non-existing provider search directory /usr/local/share/terraform/plugins
2026-08-13T21:22:41.787+0600 [DEBUG] ignoring non-existing provider search directory /usr/share/terraform/plugins
2026-08-13T21:22:41.788+0600 [INFO]  CLI command args: []string{"apply", "-replace=null_resource.server_bootstrap"}
2026-08-13T21:22:41.847+0600 [DEBUG] checking for provisioner in "."
2026-08-13T21:22:41.851+0600 [DEBUG] checking for provisioner in "/usr/bin"
2026-08-13T21:22:41.852+0600 [INFO]  backend/local: starting Apply operation
2026-08-13T21:22:41.853+0600 [DEBUG] ReferenceTransformer: "var.server_name" references: []
2026-08-13T21:22:41.853+0600 [DEBUG] ReferenceTransformer: "var.ssh_user" references: []
2026-08-13T21:22:41.853+0600 [DEBUG] ReferenceTransformer: "var.server_ip" references: []
2026-08-13T21:22:41.853+0600 [DEBUG] ReferenceTransformer: "var.ssh_private_key_path" references: []
2026-08-13T21:22:41.853+0600 [DEBUG] Starting graph walk: walkInit
2026-08-13T21:22:41.853+0600 [DEBUG] created provider logger: level=debug
2026-08-13T21:22:41.854+0600 [INFO]  provider: configuring client automatic mTLS
2026-08-13T21:22:41.868+0600 [DEBUG] provider: starting plugin: path=.terraform/providers/registry.terraform.io/hashicorp/null/3.3.0/linux_amd64/terraform-provider-null_v3.3.0_x5 args=[".terraform/providers/registry.terraform.io/hashicorp/null/3.3.0/linux_amd64/terraform-provider-null_v3.3.0_x5"]
2026-08-13T21:22:41.869+0600 [DEBUG] provider: plugin started: path=.terraform/providers/registry.terraform.io/hashicorp/null/3.3.0/linux_amd64/terraform-provider-null_v3.3.0_x5 pid=18077
2026-08-13T21:22:41.869+0600 [DEBUG] provider: waiting for RPC address: plugin=.terraform/providers/registry.terraform.io/hashicorp/null/3.3.0/linux_amd64/terraform-provider-null_v3.3.0_x5
2026-08-13T21:22:41.874+0600 [INFO]  provider.terraform-provider-null_v3.3.0_x5: configuring server automatic mTLS: timestamp="2026-08-13T21:22:41.874+0600"
2026-08-13T21:22:41.888+0600 [DEBUG] provider: using plugin: version=5
2026-08-13T21:22:41.888+0600 [DEBUG] provider.terraform-provider-null_v3.3.0_x5: plugin address: address=/tmp/plugin2207594549 network=unix timestamp="2026-08-13T21:22:41.888+0600"
2026-08-13T21:22:41.907+0600 [DEBUG] No provider meta schema returned
2026-08-13T21:22:41.908+0600 [DEBUG] provider.stdio: received EOF, stopping recv loop: err="rpc error: code = Unavailable desc = error reading from server: EOF"
2026-08-13T21:22:41.909+0600 [INFO]  provider: plugin process exited: plugin=.terraform/providers/registry.terraform.io/hashicorp/null/3.3.0/linux_amd64/terraform-provider-null_v3.3.0_x5 id=18077
2026-08-13T21:22:41.909+0600 [DEBUG] provider: plugin exited
2026-08-13T21:22:41.909+0600 [DEBUG] Building and walking validate graph
2026-08-13T21:22:41.909+0600 [DEBUG] ProviderTransformer: "null_resource.server_bootstrap" (*terraform.NodeValidatableResource) needs provider["registry.terraform.io/hashicorp/null"]
2026-08-13T21:22:41.909+0600 [DEBUG] ReferenceTransformer: "var.server_ip" references: []
2026-08-13T21:22:41.909+0600 [DEBUG] ReferenceTransformer: "var.ssh_private_key_path" references: []
2026-08-13T21:22:41.909+0600 [DEBUG] ReferenceTransformer: "output.server_ip (expand)" references: [var.server_ip]
2026-08-13T21:22:41.909+0600 [DEBUG] ReferenceTransformer: "output.server_name (expand)" references: [var.server_name]
2026-08-13T21:22:41.909+0600 [DEBUG] ReferenceTransformer: "provider[\"registry.terraform.io/hashicorp/null\"]" references: []
2026-08-13T21:22:41.909+0600 [DEBUG] ReferenceTransformer: "null_resource.server_bootstrap" references: [var.ssh_user var.server_ip var.ssh_private_key_path var.ssh_user var.server_name]
2026-08-13T21:22:41.909+0600 [DEBUG] ReferenceTransformer: "var.server_name" references: []
2026-08-13T21:22:41.909+0600 [DEBUG] ReferenceTransformer: "var.ssh_user" references: []
2026-08-13T21:22:41.910+0600 [DEBUG] Starting graph walk: walkValidate
2026-08-13T21:22:41.910+0600 [DEBUG] created provider logger: level=debug
2026-08-13T21:22:41.910+0600 [INFO]  provider: configuring client automatic mTLS
2026-08-13T21:22:41.916+0600 [DEBUG] provider: starting plugin: path=.terraform/providers/registry.terraform.io/hashicorp/null/3.3.0/linux_amd64/terraform-provider-null_v3.3.0_x5 args=[".terraform/providers/registry.terraform.io/hashicorp/null/3.3.0/linux_amd64/terraform-provider-null_v3.3.0_x5"]
2026-08-13T21:22:41.917+0600 [DEBUG] provider: plugin started: path=.terraform/providers/registry.terraform.io/hashicorp/null/3.3.0/linux_amd64/terraform-provider-null_v3.3.0_x5 pid=18086
2026-08-13T21:22:41.917+0600 [DEBUG] provider: waiting for RPC address: plugin=.terraform/providers/registry.terraform.io/hashicorp/null/3.3.0/linux_amd64/terraform-provider-null_v3.3.0_x5
2026-08-13T21:22:41.921+0600 [INFO]  provider.terraform-provider-null_v3.3.0_x5: configuring server automatic mTLS: timestamp="2026-08-13T21:22:41.921+0600"
2026-08-13T21:22:41.933+0600 [DEBUG] provider: using plugin: version=5
2026-08-13T21:22:41.933+0600 [DEBUG] provider.terraform-provider-null_v3.3.0_x5: plugin address: address=/tmp/plugin3142944718 network=unix timestamp="2026-08-13T21:22:41.933+0600"
2026-08-13T21:22:41.948+0600 [DEBUG] provider.stdio: received EOF, stopping recv loop: err="rpc error: code = Unavailable desc = error reading from server: EOF"
2026-08-13T21:22:41.949+0600 [INFO]  provider: plugin process exited: plugin=.terraform/providers/registry.terraform.io/hashicorp/null/3.3.0/linux_amd64/terraform-provider-null_v3.3.0_x5 id=18086
2026-08-13T21:22:41.949+0600 [DEBUG] provider: plugin exited
2026-08-13T21:22:41.949+0600 [INFO]  backend/local: apply calling Plan
2026-08-13T21:22:41.949+0600 [DEBUG] Building and walking plan graph for NormalMode
2026-08-13T21:22:41.949+0600 [DEBUG] ProviderTransformer: "null_resource.server_bootstrap (expand)" (*terraform.nodeExpandPlannableResource) needs provider["registry.terraform.io/hashicorp/null"]
2026-08-13T21:22:41.949+0600 [DEBUG] ReferenceTransformer: "output.server_ip (expand)" references: [var.server_ip]
2026-08-13T21:22:41.949+0600 [DEBUG] ReferenceTransformer: "output.server_name (expand)" references: [var.server_name]
2026-08-13T21:22:41.949+0600 [DEBUG] ReferenceTransformer: "provider[\"registry.terraform.io/hashicorp/null\"]" references: []
2026-08-13T21:22:41.949+0600 [DEBUG] ReferenceTransformer: "null_resource.server_bootstrap (expand)" references: [var.server_ip var.ssh_private_key_path var.ssh_user var.ssh_user var.server_name]
2026-08-13T21:22:41.949+0600 [DEBUG] ReferenceTransformer: "var.server_name" references: []
2026-08-13T21:22:41.949+0600 [DEBUG] ReferenceTransformer: "var.ssh_user" references: []
2026-08-13T21:22:41.949+0600 [DEBUG] ReferenceTransformer: "var.server_ip" references: []
2026-08-13T21:22:41.949+0600 [DEBUG] ReferenceTransformer: "var.ssh_private_key_path" references: []
2026-08-13T21:22:41.950+0600 [DEBUG] Starting graph walk: walkPlan
2026-08-13T21:22:41.950+0600 [DEBUG] created provider logger: level=debug
2026-08-13T21:22:41.950+0600 [INFO]  provider: configuring client automatic mTLS
2026-08-13T21:22:41.955+0600 [DEBUG] provider: starting plugin: path=.terraform/providers/registry.terraform.io/hashicorp/null/3.3.0/linux_amd64/terraform-provider-null_v3.3.0_x5 args=[".terraform/providers/registry.terraform.io/hashicorp/null/3.3.0/linux_amd64/terraform-provider-null_v3.3.0_x5"]
2026-08-13T21:22:41.955+0600 [DEBUG] provider: plugin started: path=.terraform/providers/registry.terraform.io/hashicorp/null/3.3.0/linux_amd64/terraform-provider-null_v3.3.0_x5 pid=18095
2026-08-13T21:22:41.955+0600 [DEBUG] provider: waiting for RPC address: plugin=.terraform/providers/registry.terraform.io/hashicorp/null/3.3.0/linux_amd64/terraform-provider-null_v3.3.0_x5
2026-08-13T21:22:41.960+0600 [INFO]  provider.terraform-provider-null_v3.3.0_x5: configuring server automatic mTLS: timestamp="2026-08-13T21:22:41.960+0600"
2026-08-13T21:22:41.975+0600 [DEBUG] provider: using plugin: version=5
2026-08-13T21:22:41.975+0600 [DEBUG] provider.terraform-provider-null_v3.3.0_x5: plugin address: address=/tmp/plugin2105864226 network=unix timestamp="2026-08-13T21:22:41.975+0600"
2026-08-13T21:22:41.988+0600 [DEBUG] ReferenceTransformer: "null_resource.server_bootstrap" references: []
2026-08-13T21:22:41.991+0600 [DEBUG] provider.terraform-provider-null_v3.3.0_x5: Value switched to prior value due to semantic equality logic: tf_rpc=ReadResource @module=sdk.framework @caller=github.com/hashicorp/terraform-plugin-framework@v1.19.0/internal/fwschemadata/value_semantic_equality.go:91 tf_attribute_path=id tf_provider_addr=registry.terraform.io/hashicorp/null tf_req_id=57965f48-581b-dee1-57f6-6e72cc8864f4 tf_resource_type=null_resource timestamp="2026-08-13T21:22:41.990+0600"
2026-08-13T21:22:42.002+0600 [DEBUG] provider.terraform-provider-null_v3.3.0_x5: Marking Computed attributes with null configuration values as unknown (known after apply) in the plan to prevent potential Terraform errors: @caller=github.com/hashicorp/terraform-plugin-framework@v1.19.0/internal/fwserver/server_planresourcechange.go:250 @module=sdk.framework tf_provider_addr=registry.terraform.io/hashicorp/null tf_resource_type=null_resource tf_rpc=PlanResourceChange tf_req_id=78437834-74b0-9a09-f741-d063cad72c85 timestamp="2026-08-13T21:22:42.002+0600"
2026-08-13T21:22:42.002+0600 [DEBUG] provider.terraform-provider-null_v3.3.0_x5: marking computed attribute that is null in the config as unknown: tf_attribute_path="AttributeName(\"id\")" tf_resource_type=null_resource @module=sdk.framework tf_provider_addr=registry.terraform.io/hashicorp/null tf_req_id=78437834-74b0-9a09-f741-d063cad72c85 tf_rpc=PlanResourceChange @caller=github.com/hashicorp/terraform-plugin-framework@v1.19.0/internal/fwserver/server_planresourcechange.go:538 timestamp="2026-08-13T21:22:42.002+0600"
2026-08-13T21:22:42.003+0600 [DEBUG] provider.stdio: received EOF, stopping recv loop: err="rpc error: code = Unavailable desc = error reading from server: EOF"
2026-08-13T21:22:42.005+0600 [INFO]  provider: plugin process exited: plugin=.terraform/providers/registry.terraform.io/hashicorp/null/3.3.0/linux_amd64/terraform-provider-null_v3.3.0_x5 id=18095
2026-08-13T21:22:42.005+0600 [DEBUG] provider: plugin exited
2026-08-13T21:22:42.005+0600 [DEBUG] building apply graph to check for errors
2026-08-13T21:22:42.005+0600 [DEBUG] ProviderTransformer: "null_resource.server_bootstrap (expand)" (*terraform.nodeExpandApplyableResource) needs provider["registry.terraform.io/hashicorp/null"]
2026-08-13T21:22:42.005+0600 [DEBUG] ProviderTransformer: "null_resource.server_bootstrap (destroy)" (*terraform.NodeDestroyResourceInstance) needs provider["registry.terraform.io/hashicorp/null"]
2026-08-13T21:22:42.005+0600 [DEBUG] ProviderTransformer: "null_resource.server_bootstrap" (*terraform.NodeApplyableResourceInstance) needs provider["registry.terraform.io/hashicorp/null"]
2026-08-13T21:22:42.006+0600 [DEBUG] ReferenceTransformer: "provider[\"registry.terraform.io/hashicorp/null\"]" references: []
2026-08-13T21:22:42.006+0600 [DEBUG] ReferenceTransformer: "output.server_name (expand)" references: [var.server_name]
2026-08-13T21:22:42.006+0600 [DEBUG] ReferenceTransformer: "null_resource.server_bootstrap" references: [var.ssh_private_key_path var.ssh_user var.server_ip var.ssh_user var.server_name]
2026-08-13T21:22:42.006+0600 [DEBUG] ReferenceTransformer: "null_resource.server_bootstrap (expand)" references: [var.ssh_user var.server_ip var.ssh_private_key_path var.ssh_user var.server_name]
2026-08-13T21:22:42.006+0600 [DEBUG] ReferenceTransformer: "var.server_name" references: []
2026-08-13T21:22:42.006+0600 [DEBUG] ReferenceTransformer: "var.ssh_user" references: []
2026-08-13T21:22:42.006+0600 [DEBUG] ReferenceTransformer: "var.server_ip" references: []
2026-08-13T21:22:42.006+0600 [DEBUG] ReferenceTransformer: "var.ssh_private_key_path" references: []
2026-08-13T21:22:42.006+0600 [DEBUG] ReferenceTransformer: "output.server_ip (expand)" references: [var.server_ip]
2026-08-13T21:22:42.006+0600 [DEBUG] command: asking for input: "\nDo you want to perform these actions?"
2026-08-13T21:22:46.968+0600 [INFO]  backend/local: apply calling Apply
2026-08-13T21:22:46.968+0600 [DEBUG] Building and walking apply graph for NormalMode plan
2026-08-13T21:22:46.968+0600 [DEBUG] ProviderTransformer: "null_resource.server_bootstrap (destroy)" (*terraform.NodeDestroyResourceInstance) needs provider["registry.terraform.io/hashicorp/null"]
2026-08-13T21:22:46.968+0600 [DEBUG] ProviderTransformer: "null_resource.server_bootstrap" (*terraform.NodeApplyableResourceInstance) needs provider["registry.terraform.io/hashicorp/null"]
2026-08-13T21:22:46.968+0600 [DEBUG] ProviderTransformer: "null_resource.server_bootstrap (expand)" (*terraform.nodeExpandApplyableResource) needs provider["registry.terraform.io/hashicorp/null"]
2026-08-13T21:22:46.969+0600 [DEBUG] ReferenceTransformer: "var.server_name" references: []
2026-08-13T21:22:46.969+0600 [DEBUG] ReferenceTransformer: "var.ssh_user" references: []
2026-08-13T21:22:46.969+0600 [DEBUG] ReferenceTransformer: "var.ssh_private_key_path" references: []
2026-08-13T21:22:46.969+0600 [DEBUG] ReferenceTransformer: "output.server_ip (expand)" references: [var.server_ip]
2026-08-13T21:22:46.969+0600 [DEBUG] ReferenceTransformer: "output.server_name (expand)" references: [var.server_name]
2026-08-13T21:22:46.969+0600 [DEBUG] ReferenceTransformer: "var.server_ip" references: []
2026-08-13T21:22:46.969+0600 [DEBUG] ReferenceTransformer: "null_resource.server_bootstrap" references: [var.ssh_private_key_path var.ssh_user var.server_ip var.ssh_user var.server_name]
2026-08-13T21:22:46.969+0600 [DEBUG] ReferenceTransformer: "provider[\"registry.terraform.io/hashicorp/null\"]" references: []
2026-08-13T21:22:46.969+0600 [DEBUG] ReferenceTransformer: "null_resource.server_bootstrap (expand)" references: [var.ssh_user var.server_ip var.ssh_private_key_path var.ssh_user var.server_name]
2026-08-13T21:22:46.969+0600 [DEBUG] Starting graph walk: walkApply
2026-08-13T21:22:46.970+0600 [DEBUG] created provider logger: level=debug
2026-08-13T21:22:46.970+0600 [INFO]  provider: configuring client automatic mTLS
2026-08-13T21:22:46.976+0600 [DEBUG] provider: starting plugin: path=.terraform/providers/registry.terraform.io/hashicorp/null/3.3.0/linux_amd64/terraform-provider-null_v3.3.0_x5 args=[".terraform/providers/registry.terraform.io/hashicorp/null/3.3.0/linux_amd64/terraform-provider-null_v3.3.0_x5"]
2026-08-13T21:22:46.977+0600 [DEBUG] provider: plugin started: path=.terraform/providers/registry.terraform.io/hashicorp/null/3.3.0/linux_amd64/terraform-provider-null_v3.3.0_x5 pid=18104
2026-08-13T21:22:46.978+0600 [DEBUG] provider: waiting for RPC address: plugin=.terraform/providers/registry.terraform.io/hashicorp/null/3.3.0/linux_amd64/terraform-provider-null_v3.3.0_x5
2026-08-13T21:22:46.984+0600 [INFO]  provider.terraform-provider-null_v3.3.0_x5: configuring server automatic mTLS: timestamp="2026-08-13T21:22:46.984+0600"
2026-08-13T21:22:47.010+0600 [DEBUG] provider.terraform-provider-null_v3.3.0_x5: plugin address: address=/tmp/plugin1193618776 network=unix timestamp="2026-08-13T21:22:47.010+0600"
2026-08-13T21:22:47.010+0600 [DEBUG] provider: using plugin: version=5
2026-08-13T21:22:47.030+0600 [INFO]  Starting apply for null_resource.server_bootstrap
2026-08-13T21:22:47.030+0600 [DEBUG] null_resource.server_bootstrap: applying the planned Delete change
2026-08-13T21:22:47.034+0600 [DEBUG] State storage *statemgr.Filesystem declined to persist a state snapshot
2026-08-13T21:22:47.038+0600 [DEBUG] provider.terraform-provider-null_v3.3.0_x5: Marking Computed attributes with null configuration values as unknown (known after apply) in the plan to prevent potential Terraform errors: @module=sdk.framework tf_req_id=bba5e807-f1d2-770e-13d7-bf6983baec53 tf_rpc=PlanResourceChange @caller=github.com/hashicorp/terraform-plugin-framework@v1.19.0/internal/fwserver/server_planresourcechange.go:250 tf_provider_addr=registry.terraform.io/hashicorp/null tf_resource_type=null_resource timestamp="2026-08-13T21:22:47.038+0600"
2026-08-13T21:22:47.038+0600 [DEBUG] provider.terraform-provider-null_v3.3.0_x5: marking computed attribute that is null in the config as unknown: tf_req_id=bba5e807-f1d2-770e-13d7-bf6983baec53 tf_rpc=PlanResourceChange tf_provider_addr=registry.terraform.io/hashicorp/null tf_resource_type=null_resource @caller=github.com/hashicorp/terraform-plugin-framework@v1.19.0/internal/fwserver/server_planresourcechange.go:538 @module=sdk.framework tf_attribute_path="AttributeName(\"id\")" timestamp="2026-08-13T21:22:47.038+0600"
2026-08-13T21:22:47.041+0600 [INFO]  Starting apply for null_resource.server_bootstrap
2026-08-13T21:22:47.042+0600 [DEBUG] null_resource.server_bootstrap: applying the planned Create change
2026-08-13T21:22:47.049+0600 [INFO]  using private key for authentication
2026-08-13T21:22:47.049+0600 [DEBUG] Connecting to 192.168.238.50:22 for SSH
2026-08-13T21:22:47.051+0600 [DEBUG] Connection established. Handshaking for user jafar
2026-08-13T21:22:47.100+0600 [DEBUG] Telling SSH config to forward to agent
2026-08-13T21:22:47.100+0600 [DEBUG] Setting up a session to request agent forwarding
2026-08-13T21:22:47.272+0600 [INFO]  agent forwarding enabled
2026-08-13T21:22:47.272+0600 [DEBUG] starting ssh KeepAlives
2026-08-13T21:22:47.272+0600 [DEBUG] opening new ssh session
2026-08-13T21:22:47.313+0600 [DEBUG] Starting remote scp process:  'scp' -vt /tmp
2026-08-13T21:22:47.315+0600 [DEBUG] Started SCP session, beginning transfers...
2026-08-13T21:22:47.315+0600 [DEBUG] Beginning file upload...
2026-08-13T21:22:47.319+0600 [DEBUG] SCP session complete, closing stdin pipe.
2026-08-13T21:22:47.319+0600 [DEBUG] Waiting for SSH session to complete.
2026-08-13T21:22:47.320+0600 [ERROR] scp stderr: "Sink: C0644 952 terraform_933769738.sh\nscp: debug1: fd 0 clearing O_NONBLOCK\r\n"
2026-08-13T21:22:47.320+0600 [DEBUG] opening new ssh session
2026-08-13T21:22:47.321+0600 [DEBUG] starting remote command: chmod 0777 /tmp/terraform_933769738.sh
2026-08-13T21:22:47.326+0600 [DEBUG] remote command exited with '0': chmod 0777 /tmp/terraform_933769738.sh
2026-08-13T21:22:47.326+0600 [DEBUG] opening new ssh session
2026-08-13T21:22:47.327+0600 [DEBUG] starting remote command: /tmp/terraform_933769738.sh
2026-08-13T21:23:05.143+0600 [DEBUG] remote command exited with '0': /tmp/terraform_933769738.sh
2026-08-13T21:23:05.143+0600 [DEBUG] opening new ssh session
2026-08-13T21:23:05.144+0600 [DEBUG] Starting remote scp process:  'scp' -vt /tmp
2026-08-13T21:23:05.145+0600 [DEBUG] Started SCP session, beginning transfers...
2026-08-13T21:23:05.145+0600 [DEBUG] Copying input data into temporary file so we can read the length
2026-08-13T21:23:05.148+0600 [DEBUG] Beginning file upload...
2026-08-13T21:23:05.161+0600 [DEBUG] SCP session complete, closing stdin pipe.
2026-08-13T21:23:05.161+0600 [DEBUG] Waiting for SSH session to complete.
2026-08-13T21:23:05.164+0600 [ERROR] scp stderr: "Sink: C0644 0 terraform_933769738.sh\nscp: debug1: fd 0 clearing O_NONBLOCK\r\n"
2026-08-13T21:23:05.168+0600 [DEBUG] State storage *statemgr.Filesystem declined to persist a state snapshot
2026-08-13T21:23:05.172+0600 [DEBUG] provider.stdio: received EOF, stopping recv loop: err="rpc error: code = Unavailable desc = error reading from server: EOF"
2026-08-13T21:23:05.174+0600 [INFO]  provider: plugin process exited: plugin=.terraform/providers/registry.terraform.io/hashicorp/null/3.3.0/linux_amd64/terraform-provider-null_v3.3.0_x5 id=18104
2026-08-13T21:23:05.174+0600 [DEBUG] provider: plugin exited
2026-08-13T21:29:04.023+0600 [INFO]  Terraform version: 1.15.8
2026-08-13T21:29:04.023+0600 [DEBUG] using github.com/hashicorp/go-tfe v1.105.0
2026-08-13T21:29:04.023+0600 [DEBUG] using github.com/hashicorp/hcl/v2 v2.24.0
2026-08-13T21:29:04.023+0600 [DEBUG] using github.com/hashicorp/terraform-svchost v0.2.1
2026-08-13T21:29:04.023+0600 [DEBUG] using github.com/zclconf/go-cty v1.18.0
2026-08-13T21:29:04.023+0600 [INFO]  Go runtime version: go1.25.10
2026-08-13T21:29:04.023+0600 [INFO]  CLI args: []string{"terraform", "plan"}
2026-08-13T21:29:04.023+0600 [DEBUG] Attempting to open CLI config file: /root/.terraformrc
2026-08-13T21:29:04.023+0600 [DEBUG] File doesn't exist, but doesn't need to. Ignoring.
2026-08-13T21:29:04.023+0600 [DEBUG] ignoring non-existing provider search directory terraform.d/plugins
2026-08-13T21:29:04.023+0600 [DEBUG] ignoring non-existing provider search directory /root/.terraform.d/plugins
2026-08-13T21:29:04.023+0600 [DEBUG] ignoring non-existing provider search directory /root/.local/share/terraform/plugins
2026-08-13T21:29:04.023+0600 [DEBUG] ignoring non-existing provider search directory /usr/local/share/terraform/plugins
2026-08-13T21:29:04.023+0600 [DEBUG] ignoring non-existing provider search directory /usr/share/terraform/plugins
2026-08-13T21:29:04.024+0600 [INFO]  CLI command args: []string{"plan"}
2026-08-13T21:31:36.345+0600 [INFO]  Terraform version: 1.15.8
2026-08-13T21:31:36.345+0600 [DEBUG] using github.com/hashicorp/go-tfe v1.105.0
2026-08-13T21:31:36.345+0600 [DEBUG] using github.com/hashicorp/hcl/v2 v2.24.0
2026-08-13T21:31:36.345+0600 [DEBUG] using github.com/hashicorp/terraform-svchost v0.2.1
2026-08-13T21:31:36.345+0600 [DEBUG] using github.com/zclconf/go-cty v1.18.0
2026-08-13T21:31:36.345+0600 [INFO]  Go runtime version: go1.25.10
2026-08-13T21:31:36.345+0600 [INFO]  CLI args: []string{"terraform", "plan"}
2026-08-13T21:31:36.345+0600 [DEBUG] Attempting to open CLI config file: /root/.terraformrc
2026-08-13T21:31:36.345+0600 [DEBUG] File doesn't exist, but doesn't need to. Ignoring.
2026-08-13T21:31:36.345+0600 [DEBUG] ignoring non-existing provider search directory terraform.d/plugins
2026-08-13T21:31:36.345+0600 [DEBUG] ignoring non-existing provider search directory /root/.terraform.d/plugins
2026-08-13T21:31:36.345+0600 [DEBUG] ignoring non-existing provider search directory /root/.local/share/terraform/plugins
2026-08-13T21:31:36.345+0600 [DEBUG] ignoring non-existing provider search directory /usr/local/share/terraform/plugins
2026-08-13T21:31:36.345+0600 [DEBUG] ignoring non-existing provider search directory /usr/share/terraform/plugins
2026-08-13T21:31:36.346+0600 [INFO]  CLI command args: []string{"plan"}
2026-08-13T21:32:58.209+0600 [INFO]  Terraform version: 1.15.8
2026-08-13T21:32:58.209+0600 [DEBUG] using github.com/hashicorp/go-tfe v1.105.0
2026-08-13T21:32:58.209+0600 [DEBUG] using github.com/hashicorp/hcl/v2 v2.24.0
2026-08-13T21:32:58.209+0600 [DEBUG] using github.com/hashicorp/terraform-svchost v0.2.1
2026-08-13T21:32:58.209+0600 [DEBUG] using github.com/zclconf/go-cty v1.18.0
2026-08-13T21:32:58.209+0600 [INFO]  Go runtime version: go1.25.10
2026-08-13T21:32:58.209+0600 [INFO]  CLI args: []string{"terraform", "plan"}
2026-08-13T21:32:58.209+0600 [DEBUG] Attempting to open CLI config file: /root/.terraformrc
2026-08-13T21:32:58.209+0600 [DEBUG] File doesn't exist, but doesn't need to. Ignoring.
2026-08-13T21:32:58.209+0600 [DEBUG] ignoring non-existing provider search directory terraform.d/plugins
2026-08-13T21:32:58.209+0600 [DEBUG] ignoring non-existing provider search directory /root/.terraform.d/plugins
2026-08-13T21:32:58.209+0600 [DEBUG] ignoring non-existing provider search directory /root/.local/share/terraform/plugins
2026-08-13T21:32:58.209+0600 [DEBUG] ignoring non-existing provider search directory /usr/local/share/terraform/plugins
2026-08-13T21:32:58.209+0600 [DEBUG] ignoring non-existing provider search directory /usr/share/terraform/plugins
2026-08-13T21:32:58.210+0600 [INFO]  CLI command args: []string{"plan"}
2026-08-13T21:32:58.260+0600 [DEBUG] checking for provisioner in "."
2026-08-13T21:32:58.264+0600 [DEBUG] checking for provisioner in "/usr/bin"
2026-08-13T21:32:58.264+0600 [INFO]  backend/local: starting Plan operation
2026-08-13T21:32:58.265+0600 [DEBUG] ReferenceTransformer: "var.server_name" references: []
2026-08-13T21:32:58.265+0600 [DEBUG] ReferenceTransformer: "var.ssh_user" references: []
2026-08-13T21:32:58.265+0600 [DEBUG] ReferenceTransformer: "var.server_ip" references: []
2026-08-13T21:32:58.265+0600 [DEBUG] ReferenceTransformer: "var.ssh_private_key_path" references: []
2026-08-13T21:32:58.265+0600 [DEBUG] Starting graph walk: walkInit
2026-08-13T21:32:58.266+0600 [DEBUG] created provider logger: level=debug
2026-08-13T21:32:58.266+0600 [INFO]  provider: configuring client automatic mTLS
2026-08-13T21:32:58.277+0600 [DEBUG] provider: starting plugin: path=.terraform/providers/registry.terraform.io/hashicorp/null/3.3.0/linux_amd64/terraform-provider-null_v3.3.0_x5 args=[".terraform/providers/registry.terraform.io/hashicorp/null/3.3.0/linux_amd64/terraform-provider-null_v3.3.0_x5"]
2026-08-13T21:32:58.277+0600 [DEBUG] provider: plugin started: path=.terraform/providers/registry.terraform.io/hashicorp/null/3.3.0/linux_amd64/terraform-provider-null_v3.3.0_x5 pid=19397
2026-08-13T21:32:58.277+0600 [DEBUG] provider: waiting for RPC address: plugin=.terraform/providers/registry.terraform.io/hashicorp/null/3.3.0/linux_amd64/terraform-provider-null_v3.3.0_x5
2026-08-13T21:32:58.281+0600 [INFO]  provider.terraform-provider-null_v3.3.0_x5: configuring server automatic mTLS: timestamp="2026-08-13T21:32:58.281+0600"
2026-08-13T21:32:58.292+0600 [DEBUG] provider: using plugin: version=5
2026-08-13T21:32:58.292+0600 [DEBUG] provider.terraform-provider-null_v3.3.0_x5: plugin address: address=/tmp/plugin2583393204 network=unix timestamp="2026-08-13T21:32:58.292+0600"
2026-08-13T21:32:58.307+0600 [DEBUG] No provider meta schema returned
2026-08-13T21:32:58.308+0600 [DEBUG] provider.stdio: received EOF, stopping recv loop: err="rpc error: code = Unavailable desc = error reading from server: EOF"
2026-08-13T21:32:58.310+0600 [INFO]  provider: plugin process exited: plugin=.terraform/providers/registry.terraform.io/hashicorp/null/3.3.0/linux_amd64/terraform-provider-null_v3.3.0_x5 id=19397
2026-08-13T21:32:58.310+0600 [DEBUG] provider: plugin exited
2026-08-13T21:32:58.310+0600 [DEBUG] Building and walking validate graph
2026-08-13T21:32:58.313+0600 [DEBUG] ProviderTransformer: "null_resource.server_bootstrap" (*terraform.NodeValidatableResource) needs provider["registry.terraform.io/hashicorp/null"]
2026-08-13T21:32:58.314+0600 [DEBUG] ReferenceTransformer: "output.server_name (expand)" references: [var.server_name]
2026-08-13T21:32:58.314+0600 [DEBUG] ReferenceTransformer: "provider[\"registry.terraform.io/hashicorp/null\"]" references: []
2026-08-13T21:32:58.314+0600 [DEBUG] ReferenceTransformer: "null_resource.server_bootstrap" references: [var.ssh_private_key_path var.server_ip var.ssh_user var.ssh_user var.server_name]
2026-08-13T21:32:58.314+0600 [DEBUG] ReferenceTransformer: "var.server_name" references: []
2026-08-13T21:32:58.314+0600 [DEBUG] ReferenceTransformer: "var.ssh_user" references: []
2026-08-13T21:32:58.314+0600 [DEBUG] ReferenceTransformer: "var.server_ip" references: []
2026-08-13T21:32:58.314+0600 [DEBUG] ReferenceTransformer: "var.ssh_private_key_path" references: []
2026-08-13T21:32:58.314+0600 [DEBUG] ReferenceTransformer: "output.server_ip (expand)" references: [var.server_ip]
2026-08-13T21:32:58.314+0600 [DEBUG] Starting graph walk: walkValidate
2026-08-13T21:32:58.314+0600 [DEBUG] created provider logger: level=debug
2026-08-13T21:32:58.314+0600 [INFO]  provider: configuring client automatic mTLS
2026-08-13T21:32:58.319+0600 [DEBUG] provider: starting plugin: path=.terraform/providers/registry.terraform.io/hashicorp/null/3.3.0/linux_amd64/terraform-provider-null_v3.3.0_x5 args=[".terraform/providers/registry.terraform.io/hashicorp/null/3.3.0/linux_amd64/terraform-provider-null_v3.3.0_x5"]
2026-08-13T21:32:58.319+0600 [DEBUG] provider: plugin started: path=.terraform/providers/registry.terraform.io/hashicorp/null/3.3.0/linux_amd64/terraform-provider-null_v3.3.0_x5 pid=19407
2026-08-13T21:32:58.319+0600 [DEBUG] provider: waiting for RPC address: plugin=.terraform/providers/registry.terraform.io/hashicorp/null/3.3.0/linux_amd64/terraform-provider-null_v3.3.0_x5
2026-08-13T21:32:58.323+0600 [INFO]  provider.terraform-provider-null_v3.3.0_x5: configuring server automatic mTLS: timestamp="2026-08-13T21:32:58.323+0600"
2026-08-13T21:32:58.334+0600 [DEBUG] provider: using plugin: version=5
2026-08-13T21:32:58.334+0600 [DEBUG] provider.terraform-provider-null_v3.3.0_x5: plugin address: address=/tmp/plugin950132313 network=unix timestamp="2026-08-13T21:32:58.334+0600"
2026-08-13T21:32:58.345+0600 [DEBUG] provider.stdio: received EOF, stopping recv loop: err="rpc error: code = Unavailable desc = error reading from server: EOF"
2026-08-13T21:32:58.346+0600 [INFO]  provider: plugin process exited: plugin=.terraform/providers/registry.terraform.io/hashicorp/null/3.3.0/linux_amd64/terraform-provider-null_v3.3.0_x5 id=19407
2026-08-13T21:32:58.346+0600 [DEBUG] provider: plugin exited
2026-08-13T21:32:58.346+0600 [INFO]  backend/local: plan calling Plan
2026-08-13T21:32:58.346+0600 [DEBUG] Building and walking plan graph for NormalMode
2026-08-13T21:32:58.346+0600 [DEBUG] ProviderTransformer: "null_resource.server_bootstrap (expand)" (*terraform.nodeExpandPlannableResource) needs provider["registry.terraform.io/hashicorp/null"]
2026-08-13T21:32:58.346+0600 [DEBUG] ReferenceTransformer: "var.ssh_user" references: []
2026-08-13T21:32:58.346+0600 [DEBUG] ReferenceTransformer: "var.server_ip" references: []
2026-08-13T21:32:58.346+0600 [DEBUG] ReferenceTransformer: "var.ssh_private_key_path" references: []
2026-08-13T21:32:58.346+0600 [DEBUG] ReferenceTransformer: "output.server_ip (expand)" references: [var.server_ip]
2026-08-13T21:32:58.346+0600 [DEBUG] ReferenceTransformer: "output.server_name (expand)" references: [var.server_name]
2026-08-13T21:32:58.346+0600 [DEBUG] ReferenceTransformer: "provider[\"registry.terraform.io/hashicorp/null\"]" references: []
2026-08-13T21:32:58.346+0600 [DEBUG] ReferenceTransformer: "null_resource.server_bootstrap (expand)" references: [var.ssh_user var.ssh_private_key_path var.server_ip var.ssh_user var.server_name]
2026-08-13T21:32:58.346+0600 [DEBUG] ReferenceTransformer: "var.server_name" references: []
2026-08-13T21:32:58.346+0600 [DEBUG] Starting graph walk: walkPlan
2026-08-13T21:32:58.347+0600 [DEBUG] created provider logger: level=debug
2026-08-13T21:32:58.347+0600 [INFO]  provider: configuring client automatic mTLS
2026-08-13T21:32:58.352+0600 [DEBUG] provider: starting plugin: path=.terraform/providers/registry.terraform.io/hashicorp/null/3.3.0/linux_amd64/terraform-provider-null_v3.3.0_x5 args=[".terraform/providers/registry.terraform.io/hashicorp/null/3.3.0/linux_amd64/terraform-provider-null_v3.3.0_x5"]
2026-08-13T21:32:58.352+0600 [DEBUG] provider: plugin started: path=.terraform/providers/registry.terraform.io/hashicorp/null/3.3.0/linux_amd64/terraform-provider-null_v3.3.0_x5 pid=19416
2026-08-13T21:32:58.352+0600 [DEBUG] provider: waiting for RPC address: plugin=.terraform/providers/registry.terraform.io/hashicorp/null/3.3.0/linux_amd64/terraform-provider-null_v3.3.0_x5
2026-08-13T21:32:58.357+0600 [INFO]  provider.terraform-provider-null_v3.3.0_x5: configuring server automatic mTLS: timestamp="2026-08-13T21:32:58.356+0600"
2026-08-13T21:32:58.369+0600 [DEBUG] provider: using plugin: version=5
2026-08-13T21:32:58.369+0600 [DEBUG] provider.terraform-provider-null_v3.3.0_x5: plugin address: network=unix address=/tmp/plugin1595692511 timestamp="2026-08-13T21:32:58.368+0600"
2026-08-13T21:32:58.379+0600 [DEBUG] ReferenceTransformer: "null_resource.server_bootstrap" references: []
2026-08-13T21:32:58.382+0600 [DEBUG] provider.terraform-provider-null_v3.3.0_x5: Value switched to prior value due to semantic equality logic: @caller=github.com/hashicorp/terraform-plugin-framework@v1.19.0/internal/fwschemadata/value_semantic_equality.go:91 @module=sdk.framework tf_provider_addr=registry.terraform.io/hashicorp/null tf_req_id=40810db3-249e-1c90-2305-4891f5419945 tf_resource_type=null_resource tf_attribute_path=id tf_rpc=ReadResource timestamp="2026-08-13T21:32:58.382+0600"
2026-08-13T21:32:58.392+0600 [DEBUG] provider.stdio: received EOF, stopping recv loop: err="rpc error: code = Unavailable desc = error reading from server: EOF"
2026-08-13T21:32:58.393+0600 [INFO]  provider: plugin process exited: plugin=.terraform/providers/registry.terraform.io/hashicorp/null/3.3.0/linux_amd64/terraform-provider-null_v3.3.0_x5 id=19416
2026-08-13T21:32:58.393+0600 [DEBUG] provider: plugin exited
2026-08-13T21:32:58.394+0600 [DEBUG] no planned changes, skipping apply graph check
2026-08-13T21:32:58.394+0600 [INFO]  backend/local: plan operation completed
2026-08-13T21:33:28.928+0600 [INFO]  Terraform version: 1.15.8
2026-08-13T21:33:28.928+0600 [DEBUG] using github.com/hashicorp/go-tfe v1.105.0
2026-08-13T21:33:28.928+0600 [DEBUG] using github.com/hashicorp/hcl/v2 v2.24.0
2026-08-13T21:33:28.928+0600 [DEBUG] using github.com/hashicorp/terraform-svchost v0.2.1
2026-08-13T21:33:28.928+0600 [DEBUG] using github.com/zclconf/go-cty v1.18.0
2026-08-13T21:33:28.928+0600 [INFO]  Go runtime version: go1.25.10
2026-08-13T21:33:28.928+0600 [INFO]  CLI args: []string{"terraform", "apply", "-replace=null_resource.server_bootstrap"}
2026-08-13T21:33:28.928+0600 [DEBUG] Attempting to open CLI config file: /root/.terraformrc
2026-08-13T21:33:28.928+0600 [DEBUG] File doesn't exist, but doesn't need to. Ignoring.
2026-08-13T21:33:28.928+0600 [DEBUG] ignoring non-existing provider search directory terraform.d/plugins
2026-08-13T21:33:28.928+0600 [DEBUG] ignoring non-existing provider search directory /root/.terraform.d/plugins
2026-08-13T21:33:28.928+0600 [DEBUG] ignoring non-existing provider search directory /root/.local/share/terraform/plugins
2026-08-13T21:33:28.928+0600 [DEBUG] ignoring non-existing provider search directory /usr/local/share/terraform/plugins
2026-08-13T21:33:28.928+0600 [DEBUG] ignoring non-existing provider search directory /usr/share/terraform/plugins
2026-08-13T21:33:28.929+0600 [INFO]  CLI command args: []string{"apply", "-replace=null_resource.server_bootstrap"}
2026-08-13T21:33:28.980+0600 [DEBUG] checking for provisioner in "."
2026-08-13T21:33:28.983+0600 [DEBUG] checking for provisioner in "/usr/bin"
2026-08-13T21:33:28.984+0600 [INFO]  backend/local: starting Apply operation
2026-08-13T21:33:28.985+0600 [DEBUG] ReferenceTransformer: "var.ssh_user" references: []
2026-08-13T21:33:28.985+0600 [DEBUG] ReferenceTransformer: "var.server_ip" references: []
2026-08-13T21:33:28.985+0600 [DEBUG] ReferenceTransformer: "var.ssh_private_key_path" references: []
2026-08-13T21:33:28.985+0600 [DEBUG] ReferenceTransformer: "var.server_name" references: []
2026-08-13T21:33:28.985+0600 [DEBUG] Starting graph walk: walkInit
2026-08-13T21:33:28.985+0600 [DEBUG] created provider logger: level=debug
2026-08-13T21:33:28.986+0600 [INFO]  provider: configuring client automatic mTLS
2026-08-13T21:33:28.997+0600 [DEBUG] provider: starting plugin: path=.terraform/providers/registry.terraform.io/hashicorp/null/3.3.0/linux_amd64/terraform-provider-null_v3.3.0_x5 args=[".terraform/providers/registry.terraform.io/hashicorp/null/3.3.0/linux_amd64/terraform-provider-null_v3.3.0_x5"]
2026-08-13T21:33:28.997+0600 [DEBUG] provider: plugin started: path=.terraform/providers/registry.terraform.io/hashicorp/null/3.3.0/linux_amd64/terraform-provider-null_v3.3.0_x5 pid=19439
2026-08-13T21:33:28.997+0600 [DEBUG] provider: waiting for RPC address: plugin=.terraform/providers/registry.terraform.io/hashicorp/null/3.3.0/linux_amd64/terraform-provider-null_v3.3.0_x5
2026-08-13T21:33:29.001+0600 [INFO]  provider.terraform-provider-null_v3.3.0_x5: configuring server automatic mTLS: timestamp="2026-08-13T21:33:29.001+0600"
2026-08-13T21:33:29.013+0600 [DEBUG] provider: using plugin: version=5
2026-08-13T21:33:29.013+0600 [DEBUG] provider.terraform-provider-null_v3.3.0_x5: plugin address: address=/tmp/plugin3338996852 network=unix timestamp="2026-08-13T21:33:29.012+0600"
2026-08-13T21:33:29.023+0600 [DEBUG] No provider meta schema returned
2026-08-13T21:33:29.024+0600 [DEBUG] provider.stdio: received EOF, stopping recv loop: err="rpc error: code = Unavailable desc = error reading from server: EOF"
2026-08-13T21:33:29.025+0600 [INFO]  provider: plugin process exited: plugin=.terraform/providers/registry.terraform.io/hashicorp/null/3.3.0/linux_amd64/terraform-provider-null_v3.3.0_x5 id=19439
2026-08-13T21:33:29.025+0600 [DEBUG] provider: plugin exited
2026-08-13T21:33:29.025+0600 [DEBUG] Building and walking validate graph
2026-08-13T21:33:29.025+0600 [DEBUG] ProviderTransformer: "null_resource.server_bootstrap" (*terraform.NodeValidatableResource) needs provider["registry.terraform.io/hashicorp/null"]
2026-08-13T21:33:29.025+0600 [DEBUG] ReferenceTransformer: "output.server_name (expand)" references: [var.server_name]
2026-08-13T21:33:29.025+0600 [DEBUG] ReferenceTransformer: "provider[\"registry.terraform.io/hashicorp/null\"]" references: []
2026-08-13T21:33:29.025+0600 [DEBUG] ReferenceTransformer: "null_resource.server_bootstrap" references: [var.ssh_user var.server_ip var.ssh_private_key_path var.ssh_user var.server_name]
2026-08-13T21:33:29.025+0600 [DEBUG] ReferenceTransformer: "var.server_name" references: []
2026-08-13T21:33:29.025+0600 [DEBUG] ReferenceTransformer: "var.ssh_user" references: []
2026-08-13T21:33:29.025+0600 [DEBUG] ReferenceTransformer: "var.server_ip" references: []
2026-08-13T21:33:29.025+0600 [DEBUG] ReferenceTransformer: "var.ssh_private_key_path" references: []
2026-08-13T21:33:29.025+0600 [DEBUG] ReferenceTransformer: "output.server_ip (expand)" references: [var.server_ip]
2026-08-13T21:33:29.026+0600 [DEBUG] Starting graph walk: walkValidate
2026-08-13T21:33:29.026+0600 [DEBUG] created provider logger: level=debug
2026-08-13T21:33:29.026+0600 [INFO]  provider: configuring client automatic mTLS
2026-08-13T21:33:29.031+0600 [DEBUG] provider: starting plugin: path=.terraform/providers/registry.terraform.io/hashicorp/null/3.3.0/linux_amd64/terraform-provider-null_v3.3.0_x5 args=[".terraform/providers/registry.terraform.io/hashicorp/null/3.3.0/linux_amd64/terraform-provider-null_v3.3.0_x5"]
2026-08-13T21:33:29.032+0600 [DEBUG] provider: plugin started: path=.terraform/providers/registry.terraform.io/hashicorp/null/3.3.0/linux_amd64/terraform-provider-null_v3.3.0_x5 pid=19447
2026-08-13T21:33:29.032+0600 [DEBUG] provider: waiting for RPC address: plugin=.terraform/providers/registry.terraform.io/hashicorp/null/3.3.0/linux_amd64/terraform-provider-null_v3.3.0_x5
2026-08-13T21:33:29.037+0600 [INFO]  provider.terraform-provider-null_v3.3.0_x5: configuring server automatic mTLS: timestamp="2026-08-13T21:33:29.036+0600"
2026-08-13T21:33:29.048+0600 [DEBUG] provider.terraform-provider-null_v3.3.0_x5: plugin address: network=unix address=/tmp/plugin2354393485 timestamp="2026-08-13T21:33:29.048+0600"
2026-08-13T21:33:29.048+0600 [DEBUG] provider: using plugin: version=5
2026-08-13T21:33:29.060+0600 [DEBUG] provider.stdio: received EOF, stopping recv loop: err="rpc error: code = Unavailable desc = error reading from server: EOF"
2026-08-13T21:33:29.060+0600 [INFO]  provider: plugin process exited: plugin=.terraform/providers/registry.terraform.io/hashicorp/null/3.3.0/linux_amd64/terraform-provider-null_v3.3.0_x5 id=19447
2026-08-13T21:33:29.060+0600 [DEBUG] provider: plugin exited
2026-08-13T21:33:29.060+0600 [INFO]  backend/local: apply calling Plan
2026-08-13T21:33:29.060+0600 [DEBUG] Building and walking plan graph for NormalMode
2026-08-13T21:33:29.061+0600 [DEBUG] ProviderTransformer: "null_resource.server_bootstrap (expand)" (*terraform.nodeExpandPlannableResource) needs provider["registry.terraform.io/hashicorp/null"]
2026-08-13T21:33:29.061+0600 [DEBUG] ReferenceTransformer: "var.server_ip" references: []
2026-08-13T21:33:29.061+0600 [DEBUG] ReferenceTransformer: "var.ssh_private_key_path" references: []
2026-08-13T21:33:29.061+0600 [DEBUG] ReferenceTransformer: "output.server_name (expand)" references: [var.server_name]
2026-08-13T21:33:29.061+0600 [DEBUG] ReferenceTransformer: "output.server_ip (expand)" references: [var.server_ip]
2026-08-13T21:33:29.061+0600 [DEBUG] ReferenceTransformer: "provider[\"registry.terraform.io/hashicorp/null\"]" references: []
2026-08-13T21:33:29.061+0600 [DEBUG] ReferenceTransformer: "null_resource.server_bootstrap (expand)" references: [var.ssh_user var.server_ip var.ssh_private_key_path var.ssh_user var.server_name]
2026-08-13T21:33:29.061+0600 [DEBUG] ReferenceTransformer: "var.server_name" references: []
2026-08-13T21:33:29.061+0600 [DEBUG] ReferenceTransformer: "var.ssh_user" references: []
2026-08-13T21:33:29.061+0600 [DEBUG] Starting graph walk: walkPlan
2026-08-13T21:33:29.061+0600 [DEBUG] created provider logger: level=debug
2026-08-13T21:33:29.061+0600 [INFO]  provider: configuring client automatic mTLS
2026-08-13T21:33:29.067+0600 [DEBUG] provider: starting plugin: path=.terraform/providers/registry.terraform.io/hashicorp/null/3.3.0/linux_amd64/terraform-provider-null_v3.3.0_x5 args=[".terraform/providers/registry.terraform.io/hashicorp/null/3.3.0/linux_amd64/terraform-provider-null_v3.3.0_x5"]
2026-08-13T21:33:29.068+0600 [DEBUG] provider: plugin started: path=.terraform/providers/registry.terraform.io/hashicorp/null/3.3.0/linux_amd64/terraform-provider-null_v3.3.0_x5 pid=19456
2026-08-13T21:33:29.068+0600 [DEBUG] provider: waiting for RPC address: plugin=.terraform/providers/registry.terraform.io/hashicorp/null/3.3.0/linux_amd64/terraform-provider-null_v3.3.0_x5
2026-08-13T21:33:29.071+0600 [INFO]  provider.terraform-provider-null_v3.3.0_x5: configuring server automatic mTLS: timestamp="2026-08-13T21:33:29.071+0600"
2026-08-13T21:33:29.082+0600 [DEBUG] provider: using plugin: version=5
2026-08-13T21:33:29.082+0600 [DEBUG] provider.terraform-provider-null_v3.3.0_x5: plugin address: address=/tmp/plugin581547895 network=unix timestamp="2026-08-13T21:33:29.082+0600"
2026-08-13T21:33:29.093+0600 [DEBUG] ReferenceTransformer: "null_resource.server_bootstrap" references: []
2026-08-13T21:33:29.100+0600 [DEBUG] provider.terraform-provider-null_v3.3.0_x5: Value switched to prior value due to semantic equality logic: tf_provider_addr=registry.terraform.io/hashicorp/null tf_req_id=bd884484-1079-5d8c-6d44-189add9a8fba tf_rpc=ReadResource @module=sdk.framework tf_attribute_path=id tf_resource_type=null_resource @caller=github.com/hashicorp/terraform-plugin-framework@v1.19.0/internal/fwschemadata/value_semantic_equality.go:91 timestamp="2026-08-13T21:33:29.099+0600"
2026-08-13T21:33:29.104+0600 [DEBUG] provider.terraform-provider-null_v3.3.0_x5: Marking Computed attributes with null configuration values as unknown (known after apply) in the plan to prevent potential Terraform errors: tf_resource_type=null_resource tf_rpc=PlanResourceChange @caller=github.com/hashicorp/terraform-plugin-framework@v1.19.0/internal/fwserver/server_planresourcechange.go:250 tf_req_id=2acbc501-3428-bea2-1976-c3e1eba82cb2 @module=sdk.framework tf_provider_addr=registry.terraform.io/hashicorp/null timestamp="2026-08-13T21:33:29.103+0600"
2026-08-13T21:33:29.104+0600 [DEBUG] provider.terraform-provider-null_v3.3.0_x5: marking computed attribute that is null in the config as unknown: tf_resource_type=null_resource @caller=github.com/hashicorp/terraform-plugin-framework@v1.19.0/internal/fwserver/server_planresourcechange.go:538 @module=sdk.framework tf_provider_addr=registry.terraform.io/hashicorp/null tf_rpc=PlanResourceChange tf_attribute_path="AttributeName(\"id\")" tf_req_id=2acbc501-3428-bea2-1976-c3e1eba82cb2 timestamp="2026-08-13T21:33:29.104+0600"
2026-08-13T21:33:29.107+0600 [DEBUG] provider.stdio: received EOF, stopping recv loop: err="rpc error: code = Unavailable desc = error reading from server: EOF"
2026-08-13T21:33:29.109+0600 [INFO]  provider: plugin process exited: plugin=.terraform/providers/registry.terraform.io/hashicorp/null/3.3.0/linux_amd64/terraform-provider-null_v3.3.0_x5 id=19456
2026-08-13T21:33:29.109+0600 [DEBUG] provider: plugin exited
2026-08-13T21:33:29.109+0600 [DEBUG] building apply graph to check for errors
2026-08-13T21:33:29.109+0600 [DEBUG] ProviderTransformer: "null_resource.server_bootstrap" (*terraform.NodeApplyableResourceInstance) needs provider["registry.terraform.io/hashicorp/null"]
2026-08-13T21:33:29.109+0600 [DEBUG] ProviderTransformer: "null_resource.server_bootstrap (destroy)" (*terraform.NodeDestroyResourceInstance) needs provider["registry.terraform.io/hashicorp/null"]
2026-08-13T21:33:29.109+0600 [DEBUG] ProviderTransformer: "null_resource.server_bootstrap (expand)" (*terraform.nodeExpandApplyableResource) needs provider["registry.terraform.io/hashicorp/null"]
2026-08-13T21:33:29.110+0600 [DEBUG] ReferenceTransformer: "var.server_name" references: []
2026-08-13T21:33:29.110+0600 [DEBUG] ReferenceTransformer: "var.server_ip" references: []
2026-08-13T21:33:29.110+0600 [DEBUG] ReferenceTransformer: "output.server_ip (expand)" references: [var.server_ip]
2026-08-13T21:33:29.110+0600 [DEBUG] ReferenceTransformer: "output.server_name (expand)" references: [var.server_name]
2026-08-13T21:33:29.110+0600 [DEBUG] ReferenceTransformer: "null_resource.server_bootstrap" references: [var.ssh_user var.server_ip var.ssh_private_key_path var.ssh_user var.server_name]
2026-08-13T21:33:29.110+0600 [DEBUG] ReferenceTransformer: "provider[\"registry.terraform.io/hashicorp/null\"]" references: []
2026-08-13T21:33:29.110+0600 [DEBUG] ReferenceTransformer: "null_resource.server_bootstrap (expand)" references: [var.ssh_user var.server_ip var.ssh_private_key_path var.ssh_user var.server_name]
2026-08-13T21:33:29.110+0600 [DEBUG] ReferenceTransformer: "var.ssh_user" references: []
2026-08-13T21:33:29.110+0600 [DEBUG] ReferenceTransformer: "var.ssh_private_key_path" references: []
2026-08-13T21:33:29.111+0600 [DEBUG] command: asking for input: "\nDo you want to perform these actions?"
2026-08-13T21:33:33.759+0600 [INFO]  backend/local: apply calling Apply
2026-08-13T21:33:33.759+0600 [DEBUG] Building and walking apply graph for NormalMode plan
2026-08-13T21:33:33.759+0600 [DEBUG] ProviderTransformer: "null_resource.server_bootstrap" (*terraform.NodeApplyableResourceInstance) needs provider["registry.terraform.io/hashicorp/null"]
2026-08-13T21:33:33.759+0600 [DEBUG] ProviderTransformer: "null_resource.server_bootstrap (destroy)" (*terraform.NodeDestroyResourceInstance) needs provider["registry.terraform.io/hashicorp/null"]
2026-08-13T21:33:33.759+0600 [DEBUG] ProviderTransformer: "null_resource.server_bootstrap (expand)" (*terraform.nodeExpandApplyableResource) needs provider["registry.terraform.io/hashicorp/null"]
2026-08-13T21:33:33.759+0600 [DEBUG] ReferenceTransformer: "var.server_name" references: []
2026-08-13T21:33:33.759+0600 [DEBUG] ReferenceTransformer: "var.ssh_user" references: []
2026-08-13T21:33:33.759+0600 [DEBUG] ReferenceTransformer: "null_resource.server_bootstrap" references: [var.ssh_user var.server_ip var.ssh_private_key_path var.ssh_user var.server_name]
2026-08-13T21:33:33.759+0600 [DEBUG] ReferenceTransformer: "null_resource.server_bootstrap (expand)" references: [var.ssh_private_key_path var.ssh_user var.server_ip var.ssh_user var.server_name]
2026-08-13T21:33:33.759+0600 [DEBUG] ReferenceTransformer: "var.server_ip" references: []
2026-08-13T21:33:33.759+0600 [DEBUG] ReferenceTransformer: "var.ssh_private_key_path" references: []
2026-08-13T21:33:33.759+0600 [DEBUG] ReferenceTransformer: "output.server_ip (expand)" references: [var.server_ip]
2026-08-13T21:33:33.759+0600 [DEBUG] ReferenceTransformer: "output.server_name (expand)" references: [var.server_name]
2026-08-13T21:33:33.759+0600 [DEBUG] ReferenceTransformer: "provider[\"registry.terraform.io/hashicorp/null\"]" references: []
2026-08-13T21:33:33.760+0600 [DEBUG] Starting graph walk: walkApply
2026-08-13T21:33:33.760+0600 [DEBUG] created provider logger: level=debug
2026-08-13T21:33:33.760+0600 [INFO]  provider: configuring client automatic mTLS
2026-08-13T21:33:33.767+0600 [DEBUG] provider: starting plugin: path=.terraform/providers/registry.terraform.io/hashicorp/null/3.3.0/linux_amd64/terraform-provider-null_v3.3.0_x5 args=[".terraform/providers/registry.terraform.io/hashicorp/null/3.3.0/linux_amd64/terraform-provider-null_v3.3.0_x5"]
2026-08-13T21:33:33.768+0600 [DEBUG] provider: plugin started: path=.terraform/providers/registry.terraform.io/hashicorp/null/3.3.0/linux_amd64/terraform-provider-null_v3.3.0_x5 pid=19466
2026-08-13T21:33:33.768+0600 [DEBUG] provider: waiting for RPC address: plugin=.terraform/providers/registry.terraform.io/hashicorp/null/3.3.0/linux_amd64/terraform-provider-null_v3.3.0_x5
2026-08-13T21:33:33.773+0600 [INFO]  provider.terraform-provider-null_v3.3.0_x5: configuring server automatic mTLS: timestamp="2026-08-13T21:33:33.773+0600"
2026-08-13T21:33:33.786+0600 [DEBUG] provider: using plugin: version=5
2026-08-13T21:33:33.786+0600 [DEBUG] provider.terraform-provider-null_v3.3.0_x5: plugin address: address=/tmp/plugin1396021883 network=unix timestamp="2026-08-13T21:33:33.786+0600"
2026-08-13T21:33:33.799+0600 [INFO]  Starting apply for null_resource.server_bootstrap
2026-08-13T21:33:33.799+0600 [DEBUG] null_resource.server_bootstrap: applying the planned Delete change
2026-08-13T21:33:33.803+0600 [DEBUG] State storage *statemgr.Filesystem declined to persist a state snapshot
2026-08-13T21:33:33.811+0600 [DEBUG] provider.terraform-provider-null_v3.3.0_x5: Marking Computed attributes with null configuration values as unknown (known after apply) in the plan to prevent potential Terraform errors: @caller=github.com/hashicorp/terraform-plugin-framework@v1.19.0/internal/fwserver/server_planresourcechange.go:250 @module=sdk.framework tf_req_id=3ea05d68-aa48-e43a-4e28-ba662cc320db tf_provider_addr=registry.terraform.io/hashicorp/null tf_resource_type=null_resource tf_rpc=PlanResourceChange timestamp="2026-08-13T21:33:33.810+0600"
2026-08-13T21:33:33.811+0600 [DEBUG] provider.terraform-provider-null_v3.3.0_x5: marking computed attribute that is null in the config as unknown: tf_attribute_path="AttributeName(\"id\")" tf_provider_addr=registry.terraform.io/hashicorp/null tf_resource_type=null_resource @module=sdk.framework tf_req_id=3ea05d68-aa48-e43a-4e28-ba662cc320db tf_rpc=PlanResourceChange @caller=github.com/hashicorp/terraform-plugin-framework@v1.19.0/internal/fwserver/server_planresourcechange.go:538 timestamp="2026-08-13T21:33:33.811+0600"
2026-08-13T21:33:33.812+0600 [INFO]  Starting apply for null_resource.server_bootstrap
2026-08-13T21:33:33.812+0600 [DEBUG] null_resource.server_bootstrap: applying the planned Create change
2026-08-13T21:33:33.814+0600 [INFO]  using private key for authentication
2026-08-13T21:33:33.814+0600 [DEBUG] Connecting to 192.168.238.50:22 for SSH
2026-08-13T21:33:33.815+0600 [DEBUG] Connection established. Handshaking for user jafar
2026-08-13T21:33:33.852+0600 [DEBUG] Telling SSH config to forward to agent
2026-08-13T21:33:33.852+0600 [DEBUG] Setting up a session to request agent forwarding
2026-08-13T21:33:33.962+0600 [INFO]  agent forwarding enabled
2026-08-13T21:33:33.962+0600 [DEBUG] starting ssh KeepAlives
2026-08-13T21:33:33.962+0600 [DEBUG] opening new ssh session
2026-08-13T21:33:34.003+0600 [DEBUG] Starting remote scp process:  'scp' -vt /tmp
2026-08-13T21:33:34.004+0600 [DEBUG] Started SCP session, beginning transfers...
2026-08-13T21:33:34.004+0600 [DEBUG] Beginning file upload...
2026-08-13T21:33:34.007+0600 [DEBUG] SCP session complete, closing stdin pipe.
2026-08-13T21:33:34.007+0600 [DEBUG] Waiting for SSH session to complete.
2026-08-13T21:33:34.007+0600 [ERROR] scp stderr: "Sink: C0644 1479 terraform_921548892.sh\nscp: debug1: fd 0 clearing O_NONBLOCK\r\n"
2026-08-13T21:33:34.007+0600 [DEBUG] opening new ssh session
2026-08-13T21:33:34.008+0600 [DEBUG] starting remote command: chmod 0777 /tmp/terraform_921548892.sh
2026-08-13T21:33:34.013+0600 [DEBUG] remote command exited with '0': chmod 0777 /tmp/terraform_921548892.sh
2026-08-13T21:33:34.013+0600 [DEBUG] opening new ssh session
2026-08-13T21:33:34.014+0600 [DEBUG] starting remote command: /tmp/terraform_921548892.sh
2026-08-13T21:33:35.652+0600 [DEBUG] remote command exited with '0': /tmp/terraform_921548892.sh
2026-08-13T21:33:35.652+0600 [DEBUG] opening new ssh session
2026-08-13T21:33:35.652+0600 [DEBUG] Starting remote scp process:  'scp' -vt /tmp
2026-08-13T21:33:35.652+0600 [DEBUG] Started SCP session, beginning transfers...
2026-08-13T21:33:35.653+0600 [DEBUG] Copying input data into temporary file so we can read the length
2026-08-13T21:33:35.654+0600 [DEBUG] Beginning file upload...
2026-08-13T21:33:35.658+0600 [DEBUG] SCP session complete, closing stdin pipe.
2026-08-13T21:33:35.658+0600 [DEBUG] Waiting for SSH session to complete.
2026-08-13T21:33:35.658+0600 [ERROR] scp stderr: "Sink: C0644 0 terraform_921548892.sh\nscp: debug1: fd 0 clearing O_NONBLOCK\r\n"
2026-08-13T21:33:35.663+0600 [DEBUG] State storage *statemgr.Filesystem declined to persist a state snapshot
2026-08-13T21:33:35.664+0600 [DEBUG] provider.stdio: received EOF, stopping recv loop: err="rpc error: code = Unavailable desc = error reading from server: EOF"
2026-08-13T21:33:35.672+0600 [INFO]  provider: plugin process exited: plugin=.terraform/providers/registry.terraform.io/hashicorp/null/3.3.0/linux_amd64/terraform-provider-null_v3.3.0_x5 id=19466
2026-08-13T21:33:35.673+0600 [DEBUG] provider: plugin exited
2026-08-13T21:33:44.141+0600 [INFO]  Terraform version: 1.15.8
2026-08-13T21:33:44.141+0600 [DEBUG] using github.com/hashicorp/go-tfe v1.105.0
2026-08-13T21:33:44.141+0600 [DEBUG] using github.com/hashicorp/hcl/v2 v2.24.0
2026-08-13T21:33:44.141+0600 [DEBUG] using github.com/hashicorp/terraform-svchost v0.2.1
2026-08-13T21:33:44.141+0600 [DEBUG] using github.com/zclconf/go-cty v1.18.0
2026-08-13T21:33:44.141+0600 [INFO]  Go runtime version: go1.25.10
2026-08-13T21:33:44.141+0600 [INFO]  CLI args: []string{"terraform", "plan"}
2026-08-13T21:33:44.141+0600 [DEBUG] Attempting to open CLI config file: /root/.terraformrc
2026-08-13T21:33:44.141+0600 [DEBUG] File doesn't exist, but doesn't need to. Ignoring.
2026-08-13T21:33:44.141+0600 [DEBUG] ignoring non-existing provider search directory terraform.d/plugins
2026-08-13T21:33:44.141+0600 [DEBUG] ignoring non-existing provider search directory /root/.terraform.d/plugins
2026-08-13T21:33:44.141+0600 [DEBUG] ignoring non-existing provider search directory /root/.local/share/terraform/plugins
2026-08-13T21:33:44.141+0600 [DEBUG] ignoring non-existing provider search directory /usr/local/share/terraform/plugins
2026-08-13T21:33:44.141+0600 [DEBUG] ignoring non-existing provider search directory /usr/share/terraform/plugins
2026-08-13T21:33:44.142+0600 [INFO]  CLI command args: []string{"plan"}
2026-08-13T21:33:44.191+0600 [DEBUG] checking for provisioner in "."
2026-08-13T21:33:44.193+0600 [DEBUG] checking for provisioner in "/usr/bin"
2026-08-13T21:33:44.194+0600 [INFO]  backend/local: starting Plan operation
2026-08-13T21:33:44.195+0600 [DEBUG] ReferenceTransformer: "var.server_name" references: []
2026-08-13T21:33:44.195+0600 [DEBUG] ReferenceTransformer: "var.ssh_user" references: []
2026-08-13T21:33:44.195+0600 [DEBUG] ReferenceTransformer: "var.server_ip" references: []
2026-08-13T21:33:44.195+0600 [DEBUG] ReferenceTransformer: "var.ssh_private_key_path" references: []
2026-08-13T21:33:44.195+0600 [DEBUG] Starting graph walk: walkInit
2026-08-13T21:33:44.195+0600 [DEBUG] created provider logger: level=debug
2026-08-13T21:33:44.195+0600 [INFO]  provider: configuring client automatic mTLS
2026-08-13T21:33:44.208+0600 [DEBUG] provider: starting plugin: path=.terraform/providers/registry.terraform.io/hashicorp/null/3.3.0/linux_amd64/terraform-provider-null_v3.3.0_x5 args=[".terraform/providers/registry.terraform.io/hashicorp/null/3.3.0/linux_amd64/terraform-provider-null_v3.3.0_x5"]
2026-08-13T21:33:44.208+0600 [DEBUG] provider: plugin started: path=.terraform/providers/registry.terraform.io/hashicorp/null/3.3.0/linux_amd64/terraform-provider-null_v3.3.0_x5 pid=20029
2026-08-13T21:33:44.209+0600 [DEBUG] provider: waiting for RPC address: plugin=.terraform/providers/registry.terraform.io/hashicorp/null/3.3.0/linux_amd64/terraform-provider-null_v3.3.0_x5
2026-08-13T21:33:44.212+0600 [INFO]  provider.terraform-provider-null_v3.3.0_x5: configuring server automatic mTLS: timestamp="2026-08-13T21:33:44.212+0600"
2026-08-13T21:33:44.224+0600 [DEBUG] provider: using plugin: version=5
2026-08-13T21:33:44.224+0600 [DEBUG] provider.terraform-provider-null_v3.3.0_x5: plugin address: address=/tmp/plugin2742875725 network=unix timestamp="2026-08-13T21:33:44.224+0600"
2026-08-13T21:33:44.237+0600 [DEBUG] No provider meta schema returned
2026-08-13T21:33:44.238+0600 [DEBUG] provider.stdio: received EOF, stopping recv loop: err="rpc error: code = Unavailable desc = error reading from server: EOF"
2026-08-13T21:33:44.239+0600 [INFO]  provider: plugin process exited: plugin=.terraform/providers/registry.terraform.io/hashicorp/null/3.3.0/linux_amd64/terraform-provider-null_v3.3.0_x5 id=20029
2026-08-13T21:33:44.239+0600 [DEBUG] provider: plugin exited
2026-08-13T21:33:44.239+0600 [DEBUG] Building and walking validate graph
2026-08-13T21:33:44.239+0600 [DEBUG] ProviderTransformer: "null_resource.server_bootstrap" (*terraform.NodeValidatableResource) needs provider["registry.terraform.io/hashicorp/null"]
2026-08-13T21:33:44.239+0600 [DEBUG] ReferenceTransformer: "var.server_name" references: []
2026-08-13T21:33:44.239+0600 [DEBUG] ReferenceTransformer: "var.ssh_user" references: []
2026-08-13T21:33:44.239+0600 [DEBUG] ReferenceTransformer: "var.server_ip" references: []
2026-08-13T21:33:44.239+0600 [DEBUG] ReferenceTransformer: "var.ssh_private_key_path" references: []
2026-08-13T21:33:44.239+0600 [DEBUG] ReferenceTransformer: "output.server_ip (expand)" references: [var.server_ip]
2026-08-13T21:33:44.239+0600 [DEBUG] ReferenceTransformer: "output.server_name (expand)" references: [var.server_name]
2026-08-13T21:33:44.239+0600 [DEBUG] ReferenceTransformer: "provider[\"registry.terraform.io/hashicorp/null\"]" references: []
2026-08-13T21:33:44.239+0600 [DEBUG] ReferenceTransformer: "null_resource.server_bootstrap" references: [var.ssh_private_key_path var.server_ip var.ssh_user var.ssh_user var.server_name]
2026-08-13T21:33:44.240+0600 [DEBUG] Starting graph walk: walkValidate
2026-08-13T21:33:44.240+0600 [DEBUG] created provider logger: level=debug
2026-08-13T21:33:44.240+0600 [INFO]  provider: configuring client automatic mTLS
2026-08-13T21:33:44.244+0600 [DEBUG] provider: starting plugin: path=.terraform/providers/registry.terraform.io/hashicorp/null/3.3.0/linux_amd64/terraform-provider-null_v3.3.0_x5 args=[".terraform/providers/registry.terraform.io/hashicorp/null/3.3.0/linux_amd64/terraform-provider-null_v3.3.0_x5"]
2026-08-13T21:33:44.244+0600 [DEBUG] provider: plugin started: path=.terraform/providers/registry.terraform.io/hashicorp/null/3.3.0/linux_amd64/terraform-provider-null_v3.3.0_x5 pid=20038
2026-08-13T21:33:44.244+0600 [DEBUG] provider: waiting for RPC address: plugin=.terraform/providers/registry.terraform.io/hashicorp/null/3.3.0/linux_amd64/terraform-provider-null_v3.3.0_x5
2026-08-13T21:33:44.248+0600 [INFO]  provider.terraform-provider-null_v3.3.0_x5: configuring server automatic mTLS: timestamp="2026-08-13T21:33:44.248+0600"
2026-08-13T21:33:44.259+0600 [DEBUG] provider.terraform-provider-null_v3.3.0_x5: plugin address: address=/tmp/plugin926022456 network=unix timestamp="2026-08-13T21:33:44.259+0600"
2026-08-13T21:33:44.259+0600 [DEBUG] provider: using plugin: version=5
2026-08-13T21:33:44.271+0600 [DEBUG] provider.stdio: received EOF, stopping recv loop: err="rpc error: code = Unavailable desc = error reading from server: EOF"
2026-08-13T21:33:44.272+0600 [INFO]  provider: plugin process exited: plugin=.terraform/providers/registry.terraform.io/hashicorp/null/3.3.0/linux_amd64/terraform-provider-null_v3.3.0_x5 id=20038
2026-08-13T21:33:44.272+0600 [DEBUG] provider: plugin exited
2026-08-13T21:33:44.272+0600 [INFO]  backend/local: plan calling Plan
2026-08-13T21:33:44.272+0600 [DEBUG] Building and walking plan graph for NormalMode
2026-08-13T21:33:44.273+0600 [DEBUG] ProviderTransformer: "null_resource.server_bootstrap (expand)" (*terraform.nodeExpandPlannableResource) needs provider["registry.terraform.io/hashicorp/null"]
2026-08-13T21:33:44.273+0600 [DEBUG] ReferenceTransformer: "provider[\"registry.terraform.io/hashicorp/null\"]" references: []
2026-08-13T21:33:44.273+0600 [DEBUG] ReferenceTransformer: "null_resource.server_bootstrap (expand)" references: [var.server_ip var.ssh_user var.ssh_private_key_path var.ssh_user var.server_name]
2026-08-13T21:33:44.273+0600 [DEBUG] ReferenceTransformer: "var.server_ip" references: []
2026-08-13T21:33:44.273+0600 [DEBUG] ReferenceTransformer: "var.ssh_private_key_path" references: []
2026-08-13T21:33:44.273+0600 [DEBUG] ReferenceTransformer: "var.server_name" references: []
2026-08-13T21:33:44.273+0600 [DEBUG] ReferenceTransformer: "var.ssh_user" references: []
2026-08-13T21:33:44.273+0600 [DEBUG] ReferenceTransformer: "output.server_ip (expand)" references: [var.server_ip]
2026-08-13T21:33:44.273+0600 [DEBUG] ReferenceTransformer: "output.server_name (expand)" references: [var.server_name]
2026-08-13T21:33:44.273+0600 [DEBUG] Starting graph walk: walkPlan
2026-08-13T21:33:44.273+0600 [DEBUG] created provider logger: level=debug
2026-08-13T21:33:44.273+0600 [INFO]  provider: configuring client automatic mTLS
2026-08-13T21:33:44.277+0600 [DEBUG] provider: starting plugin: path=.terraform/providers/registry.terraform.io/hashicorp/null/3.3.0/linux_amd64/terraform-provider-null_v3.3.0_x5 args=[".terraform/providers/registry.terraform.io/hashicorp/null/3.3.0/linux_amd64/terraform-provider-null_v3.3.0_x5"]
2026-08-13T21:33:44.278+0600 [DEBUG] provider: plugin started: path=.terraform/providers/registry.terraform.io/hashicorp/null/3.3.0/linux_amd64/terraform-provider-null_v3.3.0_x5 pid=20046
2026-08-13T21:33:44.278+0600 [DEBUG] provider: waiting for RPC address: plugin=.terraform/providers/registry.terraform.io/hashicorp/null/3.3.0/linux_amd64/terraform-provider-null_v3.3.0_x5
2026-08-13T21:33:44.281+0600 [INFO]  provider.terraform-provider-null_v3.3.0_x5: configuring server automatic mTLS: timestamp="2026-08-13T21:33:44.281+0600"
2026-08-13T21:33:44.292+0600 [DEBUG] provider.terraform-provider-null_v3.3.0_x5: plugin address: address=/tmp/plugin662920353 network=unix timestamp="2026-08-13T21:33:44.292+0600"
2026-08-13T21:33:44.292+0600 [DEBUG] provider: using plugin: version=5
2026-08-13T21:33:44.305+0600 [DEBUG] ReferenceTransformer: "null_resource.server_bootstrap" references: []
2026-08-13T21:33:44.307+0600 [DEBUG] provider.terraform-provider-null_v3.3.0_x5: Value switched to prior value due to semantic equality logic: tf_provider_addr=registry.terraform.io/hashicorp/null tf_resource_type=null_resource tf_rpc=ReadResource @module=sdk.framework tf_attribute_path=id tf_req_id=d6e480e3-62e7-cfb9-daab-97e62c9f85e4 @caller=github.com/hashicorp/terraform-plugin-framework@v1.19.0/internal/fwschemadata/value_semantic_equality.go:91 timestamp="2026-08-13T21:33:44.307+0600"
2026-08-13T21:33:44.314+0600 [DEBUG] provider.stdio: received EOF, stopping recv loop: err="rpc error: code = Unavailable desc = error reading from server: EOF"
2026-08-13T21:33:44.316+0600 [INFO]  provider: plugin process exited: plugin=.terraform/providers/registry.terraform.io/hashicorp/null/3.3.0/linux_amd64/terraform-provider-null_v3.3.0_x5 id=20046
2026-08-13T21:33:44.316+0600 [DEBUG] provider: plugin exited
2026-08-13T21:33:44.316+0600 [DEBUG] no planned changes, skipping apply graph check
2026-08-13T21:33:44.316+0600 [INFO]  backend/local: plan operation completed
2026-08-13T21:34:20.563+0600 [INFO]  Terraform version: 1.15.8
2026-08-13T21:34:20.564+0600 [DEBUG] using github.com/hashicorp/go-tfe v1.105.0
2026-08-13T21:34:20.564+0600 [DEBUG] using github.com/hashicorp/hcl/v2 v2.24.0
2026-08-13T21:34:20.564+0600 [DEBUG] using github.com/hashicorp/terraform-svchost v0.2.1
2026-08-13T21:34:20.564+0600 [DEBUG] using github.com/zclconf/go-cty v1.18.0
2026-08-13T21:34:20.564+0600 [INFO]  Go runtime version: go1.25.10
2026-08-13T21:34:20.564+0600 [INFO]  CLI args: []string{"terraform", "fmt"}
2026-08-13T21:34:20.564+0600 [DEBUG] Attempting to open CLI config file: /root/.terraformrc
2026-08-13T21:34:20.564+0600 [DEBUG] File doesn't exist, but doesn't need to. Ignoring.
2026-08-13T21:34:20.564+0600 [DEBUG] ignoring non-existing provider search directory terraform.d/plugins
2026-08-13T21:34:20.564+0600 [DEBUG] ignoring non-existing provider search directory /root/.terraform.d/plugins
2026-08-13T21:34:20.564+0600 [DEBUG] ignoring non-existing provider search directory /root/.local/share/terraform/plugins
2026-08-13T21:34:20.564+0600 [DEBUG] ignoring non-existing provider search directory /usr/local/share/terraform/plugins
2026-08-13T21:34:20.564+0600 [DEBUG] ignoring non-existing provider search directory /usr/share/terraform/plugins
2026-08-13T21:34:20.565+0600 [INFO]  CLI command args: []string{"fmt"}
2026-08-13T21:34:29.855+0600 [INFO]  Terraform version: 1.15.8
2026-08-13T21:34:29.855+0600 [DEBUG] using github.com/hashicorp/go-tfe v1.105.0
2026-08-13T21:34:29.855+0600 [DEBUG] using github.com/hashicorp/hcl/v2 v2.24.0
2026-08-13T21:34:29.855+0600 [DEBUG] using github.com/hashicorp/terraform-svchost v0.2.1
2026-08-13T21:34:29.855+0600 [DEBUG] using github.com/zclconf/go-cty v1.18.0
2026-08-13T21:34:29.855+0600 [INFO]  Go runtime version: go1.25.10
2026-08-13T21:34:29.855+0600 [INFO]  CLI args: []string{"terraform", "init"}
2026-08-13T21:34:29.855+0600 [DEBUG] Attempting to open CLI config file: /root/.terraformrc
2026-08-13T21:34:29.855+0600 [DEBUG] File doesn't exist, but doesn't need to. Ignoring.
2026-08-13T21:34:29.855+0600 [DEBUG] ignoring non-existing provider search directory terraform.d/plugins
2026-08-13T21:34:29.855+0600 [DEBUG] ignoring non-existing provider search directory /root/.terraform.d/plugins
2026-08-13T21:34:29.855+0600 [DEBUG] ignoring non-existing provider search directory /root/.local/share/terraform/plugins
2026-08-13T21:34:29.855+0600 [DEBUG] ignoring non-existing provider search directory /usr/local/share/terraform/plugins
2026-08-13T21:34:29.855+0600 [DEBUG] ignoring non-existing provider search directory /usr/share/terraform/plugins
2026-08-13T21:34:29.856+0600 [INFO]  CLI command args: []string{"init"}
2026-08-13T21:34:29.941+0600 [DEBUG] checking for provisioner in "."
2026-08-13T21:34:29.946+0600 [DEBUG] checking for provisioner in "/usr/bin"
2026-08-13T21:34:29.947+0600 [DEBUG] ReferenceTransformer: "var.server_ip" references: []
2026-08-13T21:34:29.947+0600 [DEBUG] ReferenceTransformer: "var.ssh_private_key_path" references: []
2026-08-13T21:34:29.947+0600 [DEBUG] ReferenceTransformer: "var.server_name" references: []
2026-08-13T21:34:29.947+0600 [DEBUG] ReferenceTransformer: "var.ssh_user" references: []
2026-08-13T21:34:29.947+0600 [DEBUG] Starting graph walk: walkInit
2026-08-13T21:34:29.948+0600 [DEBUG] Service discovery for registry.terraform.io at https://registry.terraform.io/.well-known/terraform.json
2026-08-13T21:34:30.224+0600 [DEBUG] GET https://registry.terraform.io/v1/providers/hashicorp/null/versions
2026-08-13T21:34:37.055+0600 [INFO]  Terraform version: 1.15.8
2026-08-13T21:34:37.056+0600 [DEBUG] using github.com/hashicorp/go-tfe v1.105.0
2026-08-13T21:34:37.056+0600 [DEBUG] using github.com/hashicorp/hcl/v2 v2.24.0
2026-08-13T21:34:37.056+0600 [DEBUG] using github.com/hashicorp/terraform-svchost v0.2.1
2026-08-13T21:34:37.056+0600 [DEBUG] using github.com/zclconf/go-cty v1.18.0
2026-08-13T21:34:37.056+0600 [INFO]  Go runtime version: go1.25.10
2026-08-13T21:34:37.056+0600 [INFO]  CLI args: []string{"terraform", "plan"}
2026-08-13T21:34:37.056+0600 [DEBUG] Attempting to open CLI config file: /root/.terraformrc
2026-08-13T21:34:37.056+0600 [DEBUG] File doesn't exist, but doesn't need to. Ignoring.
2026-08-13T21:34:37.056+0600 [DEBUG] ignoring non-existing provider search directory terraform.d/plugins
2026-08-13T21:34:37.056+0600 [DEBUG] ignoring non-existing provider search directory /root/.terraform.d/plugins
2026-08-13T21:34:37.056+0600 [DEBUG] ignoring non-existing provider search directory /root/.local/share/terraform/plugins
2026-08-13T21:34:37.056+0600 [DEBUG] ignoring non-existing provider search directory /usr/local/share/terraform/plugins
2026-08-13T21:34:37.056+0600 [DEBUG] ignoring non-existing provider search directory /usr/share/terraform/plugins
2026-08-13T21:34:37.056+0600 [INFO]  CLI command args: []string{"plan"}
2026-08-13T21:34:37.109+0600 [DEBUG] checking for provisioner in "."
2026-08-13T21:34:37.112+0600 [DEBUG] checking for provisioner in "/usr/bin"
2026-08-13T21:34:37.113+0600 [INFO]  backend/local: starting Plan operation
2026-08-13T21:34:37.114+0600 [DEBUG] ReferenceTransformer: "var.ssh_private_key_path" references: []
2026-08-13T21:34:37.114+0600 [DEBUG] ReferenceTransformer: "var.server_name" references: []
2026-08-13T21:34:37.114+0600 [DEBUG] ReferenceTransformer: "var.ssh_user" references: []
2026-08-13T21:34:37.114+0600 [DEBUG] ReferenceTransformer: "var.server_ip" references: []
2026-08-13T21:34:37.114+0600 [DEBUG] Starting graph walk: walkInit
2026-08-13T21:34:37.114+0600 [DEBUG] created provider logger: level=debug
2026-08-13T21:34:37.114+0600 [INFO]  provider: configuring client automatic mTLS
2026-08-13T21:34:37.131+0600 [DEBUG] provider: starting plugin: path=.terraform/providers/registry.terraform.io/hashicorp/null/3.3.0/linux_amd64/terraform-provider-null_v3.3.0_x5 args=[".terraform/providers/registry.terraform.io/hashicorp/null/3.3.0/linux_amd64/terraform-provider-null_v3.3.0_x5"]
2026-08-13T21:34:37.131+0600 [DEBUG] provider: plugin started: path=.terraform/providers/registry.terraform.io/hashicorp/null/3.3.0/linux_amd64/terraform-provider-null_v3.3.0_x5 pid=20087
2026-08-13T21:34:37.132+0600 [DEBUG] provider: waiting for RPC address: plugin=.terraform/providers/registry.terraform.io/hashicorp/null/3.3.0/linux_amd64/terraform-provider-null_v3.3.0_x5
2026-08-13T21:34:37.135+0600 [INFO]  provider.terraform-provider-null_v3.3.0_x5: configuring server automatic mTLS: timestamp="2026-08-13T21:34:37.135+0600"
2026-08-13T21:34:37.148+0600 [DEBUG] provider.terraform-provider-null_v3.3.0_x5: plugin address: address=/tmp/plugin702580789 network=unix timestamp="2026-08-13T21:34:37.148+0600"
2026-08-13T21:34:37.148+0600 [DEBUG] provider: using plugin: version=5
2026-08-13T21:34:37.167+0600 [DEBUG] No provider meta schema returned
2026-08-13T21:34:37.168+0600 [DEBUG] provider.stdio: received EOF, stopping recv loop: err="rpc error: code = Unavailable desc = error reading from server: EOF"
2026-08-13T21:34:37.169+0600 [INFO]  provider: plugin process exited: plugin=.terraform/providers/registry.terraform.io/hashicorp/null/3.3.0/linux_amd64/terraform-provider-null_v3.3.0_x5 id=20087
2026-08-13T21:34:37.170+0600 [DEBUG] provider: plugin exited
2026-08-13T21:34:37.170+0600 [DEBUG] Building and walking validate graph
2026-08-13T21:34:37.170+0600 [DEBUG] ProviderTransformer: "null_resource.server_bootstrap" (*terraform.NodeValidatableResource) needs provider["registry.terraform.io/hashicorp/null"]
2026-08-13T21:34:37.170+0600 [DEBUG] ReferenceTransformer: "null_resource.server_bootstrap" references: [var.server_ip var.ssh_private_key_path var.ssh_user var.ssh_user var.server_name]
2026-08-13T21:34:37.170+0600 [DEBUG] ReferenceTransformer: "var.server_name" references: []
2026-08-13T21:34:37.170+0600 [DEBUG] ReferenceTransformer: "var.ssh_user" references: []
2026-08-13T21:34:37.170+0600 [DEBUG] ReferenceTransformer: "var.server_ip" references: []
2026-08-13T21:34:37.170+0600 [DEBUG] ReferenceTransformer: "var.ssh_private_key_path" references: []
2026-08-13T21:34:37.170+0600 [DEBUG] ReferenceTransformer: "output.server_ip (expand)" references: [var.server_ip]
2026-08-13T21:34:37.170+0600 [DEBUG] ReferenceTransformer: "output.server_name (expand)" references: [var.server_name]
2026-08-13T21:34:37.170+0600 [DEBUG] ReferenceTransformer: "provider[\"registry.terraform.io/hashicorp/null\"]" references: []
2026-08-13T21:34:37.170+0600 [DEBUG] Starting graph walk: walkValidate
2026-08-13T21:34:37.171+0600 [DEBUG] created provider logger: level=debug
2026-08-13T21:34:37.171+0600 [INFO]  provider: configuring client automatic mTLS
2026-08-13T21:34:37.177+0600 [DEBUG] provider: starting plugin: path=.terraform/providers/registry.terraform.io/hashicorp/null/3.3.0/linux_amd64/terraform-provider-null_v3.3.0_x5 args=[".terraform/providers/registry.terraform.io/hashicorp/null/3.3.0/linux_amd64/terraform-provider-null_v3.3.0_x5"]
2026-08-13T21:34:37.177+0600 [DEBUG] provider: plugin started: path=.terraform/providers/registry.terraform.io/hashicorp/null/3.3.0/linux_amd64/terraform-provider-null_v3.3.0_x5 pid=20096
2026-08-13T21:34:37.177+0600 [DEBUG] provider: waiting for RPC address: plugin=.terraform/providers/registry.terraform.io/hashicorp/null/3.3.0/linux_amd64/terraform-provider-null_v3.3.0_x5
2026-08-13T21:34:37.181+0600 [INFO]  provider.terraform-provider-null_v3.3.0_x5: configuring server automatic mTLS: timestamp="2026-08-13T21:34:37.181+0600"
2026-08-13T21:34:37.197+0600 [DEBUG] provider: using plugin: version=5
2026-08-13T21:34:37.197+0600 [DEBUG] provider.terraform-provider-null_v3.3.0_x5: plugin address: address=/tmp/plugin2909495232 network=unix timestamp="2026-08-13T21:34:37.196+0600"
2026-08-13T21:34:37.215+0600 [DEBUG] provider.stdio: received EOF, stopping recv loop: err="rpc error: code = Unavailable desc = error reading from server: EOF"
2026-08-13T21:34:37.216+0600 [INFO]  provider: plugin process exited: plugin=.terraform/providers/registry.terraform.io/hashicorp/null/3.3.0/linux_amd64/terraform-provider-null_v3.3.0_x5 id=20096
2026-08-13T21:34:37.216+0600 [DEBUG] provider: plugin exited
2026-08-13T21:34:37.216+0600 [INFO]  backend/local: plan calling Plan
2026-08-13T21:34:37.216+0600 [DEBUG] Building and walking plan graph for NormalMode
2026-08-13T21:34:37.217+0600 [DEBUG] ProviderTransformer: "null_resource.server_bootstrap (expand)" (*terraform.nodeExpandPlannableResource) needs provider["registry.terraform.io/hashicorp/null"]
2026-08-13T21:34:37.217+0600 [DEBUG] ReferenceTransformer: "output.server_ip (expand)" references: [var.server_ip]
2026-08-13T21:34:37.217+0600 [DEBUG] ReferenceTransformer: "output.server_name (expand)" references: [var.server_name]
2026-08-13T21:34:37.217+0600 [DEBUG] ReferenceTransformer: "provider[\"registry.terraform.io/hashicorp/null\"]" references: []
2026-08-13T21:34:37.217+0600 [DEBUG] ReferenceTransformer: "null_resource.server_bootstrap (expand)" references: [var.ssh_user var.server_ip var.ssh_private_key_path var.ssh_user var.server_name]
2026-08-13T21:34:37.217+0600 [DEBUG] ReferenceTransformer: "var.server_name" references: []
2026-08-13T21:34:37.217+0600 [DEBUG] ReferenceTransformer: "var.ssh_user" references: []
2026-08-13T21:34:37.217+0600 [DEBUG] ReferenceTransformer: "var.server_ip" references: []
2026-08-13T21:34:37.217+0600 [DEBUG] ReferenceTransformer: "var.ssh_private_key_path" references: []
2026-08-13T21:34:37.217+0600 [DEBUG] Starting graph walk: walkPlan
2026-08-13T21:34:37.218+0600 [DEBUG] created provider logger: level=debug
2026-08-13T21:34:37.218+0600 [INFO]  provider: configuring client automatic mTLS
2026-08-13T21:34:37.226+0600 [DEBUG] provider: starting plugin: path=.terraform/providers/registry.terraform.io/hashicorp/null/3.3.0/linux_amd64/terraform-provider-null_v3.3.0_x5 args=[".terraform/providers/registry.terraform.io/hashicorp/null/3.3.0/linux_amd64/terraform-provider-null_v3.3.0_x5"]
2026-08-13T21:34:37.226+0600 [DEBUG] provider: plugin started: path=.terraform/providers/registry.terraform.io/hashicorp/null/3.3.0/linux_amd64/terraform-provider-null_v3.3.0_x5 pid=20104
2026-08-13T21:34:37.226+0600 [DEBUG] provider: waiting for RPC address: plugin=.terraform/providers/registry.terraform.io/hashicorp/null/3.3.0/linux_amd64/terraform-provider-null_v3.3.0_x5
2026-08-13T21:34:37.231+0600 [INFO]  provider.terraform-provider-null_v3.3.0_x5: configuring server automatic mTLS: timestamp="2026-08-13T21:34:37.231+0600"
2026-08-13T21:34:37.245+0600 [DEBUG] provider.terraform-provider-null_v3.3.0_x5: plugin address: address=/tmp/plugin1941804512 network=unix timestamp="2026-08-13T21:34:37.245+0600"
2026-08-13T21:34:37.245+0600 [DEBUG] provider: using plugin: version=5
2026-08-13T21:34:37.257+0600 [DEBUG] ReferenceTransformer: "null_resource.server_bootstrap" references: []
2026-08-13T21:34:37.261+0600 [DEBUG] provider.terraform-provider-null_v3.3.0_x5: Value switched to prior value due to semantic equality logic: @caller=github.com/hashicorp/terraform-plugin-framework@v1.19.0/internal/fwschemadata/value_semantic_equality.go:91 tf_attribute_path=id tf_provider_addr=registry.terraform.io/hashicorp/null tf_req_id=66b7501b-d413-5537-6f6d-5bd20c26c7cc tf_resource_type=null_resource @module=sdk.framework tf_rpc=ReadResource timestamp="2026-08-13T21:34:37.260+0600"
2026-08-13T21:34:37.267+0600 [DEBUG] provider.stdio: received EOF, stopping recv loop: err="rpc error: code = Unavailable desc = error reading from server: EOF"
2026-08-13T21:34:37.269+0600 [INFO]  provider: plugin process exited: plugin=.terraform/providers/registry.terraform.io/hashicorp/null/3.3.0/linux_amd64/terraform-provider-null_v3.3.0_x5 id=20104
2026-08-13T21:34:37.269+0600 [DEBUG] provider: plugin exited
2026-08-13T21:34:37.270+0600 [DEBUG] no planned changes, skipping apply graph check
2026-08-13T21:34:37.270+0600 [INFO]  backend/local: plan operation completed
2026-08-13T21:35:56.648+0600 [INFO]  Terraform version: 1.15.8
2026-08-13T21:35:56.648+0600 [DEBUG] using github.com/hashicorp/go-tfe v1.105.0
2026-08-13T21:35:56.648+0600 [DEBUG] using github.com/hashicorp/hcl/v2 v2.24.0
2026-08-13T21:35:56.648+0600 [DEBUG] using github.com/hashicorp/terraform-svchost v0.2.1
2026-08-13T21:35:56.648+0600 [DEBUG] using github.com/zclconf/go-cty v1.18.0
2026-08-13T21:35:56.648+0600 [INFO]  Go runtime version: go1.25.10
2026-08-13T21:35:56.648+0600 [INFO]  CLI args: []string{"terraform", "taint", "null_resource.server_bootstrap"}
2026-08-13T21:35:56.648+0600 [DEBUG] Attempting to open CLI config file: /root/.terraformrc
2026-08-13T21:35:56.648+0600 [DEBUG] File doesn't exist, but doesn't need to. Ignoring.
2026-08-13T21:35:56.648+0600 [DEBUG] ignoring non-existing provider search directory terraform.d/plugins
2026-08-13T21:35:56.648+0600 [DEBUG] ignoring non-existing provider search directory /root/.terraform.d/plugins
2026-08-13T21:35:56.648+0600 [DEBUG] ignoring non-existing provider search directory /root/.local/share/terraform/plugins
2026-08-13T21:35:56.648+0600 [DEBUG] ignoring non-existing provider search directory /usr/local/share/terraform/plugins
2026-08-13T21:35:56.648+0600 [DEBUG] ignoring non-existing provider search directory /usr/share/terraform/plugins
2026-08-13T21:35:56.649+0600 [INFO]  CLI command args: []string{"taint", "null_resource.server_bootstrap"}
2026-08-13T21:35:56.650+0600 [DEBUG] ReferenceTransformer: "var.server_ip" references: []
2026-08-13T21:35:56.650+0600 [DEBUG] ReferenceTransformer: "var.ssh_private_key_path" references: []
2026-08-13T21:35:56.650+0600 [DEBUG] ReferenceTransformer: "var.server_name" references: []
2026-08-13T21:35:56.650+0600 [DEBUG] ReferenceTransformer: "var.ssh_user" references: []
2026-08-13T21:35:56.650+0600 [DEBUG] Starting graph walk: walkInit
2026-08-13T21:35:56.700+0600 [DEBUG] checking for provisioner in "."
2026-08-13T21:35:56.704+0600 [DEBUG] checking for provisioner in "/usr/bin"
2026-08-13T21:36:12.605+0600 [INFO]  Terraform version: 1.15.8
2026-08-13T21:36:12.605+0600 [DEBUG] using github.com/hashicorp/go-tfe v1.105.0
2026-08-13T21:36:12.605+0600 [DEBUG] using github.com/hashicorp/hcl/v2 v2.24.0
2026-08-13T21:36:12.605+0600 [DEBUG] using github.com/hashicorp/terraform-svchost v0.2.1
2026-08-13T21:36:12.605+0600 [DEBUG] using github.com/zclconf/go-cty v1.18.0
2026-08-13T21:36:12.605+0600 [INFO]  Go runtime version: go1.25.10
2026-08-13T21:36:12.605+0600 [INFO]  CLI args: []string{"terraform", "plan"}
2026-08-13T21:36:12.605+0600 [DEBUG] Attempting to open CLI config file: /root/.terraformrc
2026-08-13T21:36:12.605+0600 [DEBUG] File doesn't exist, but doesn't need to. Ignoring.
2026-08-13T21:36:12.605+0600 [DEBUG] ignoring non-existing provider search directory terraform.d/plugins
2026-08-13T21:36:12.605+0600 [DEBUG] ignoring non-existing provider search directory /root/.terraform.d/plugins
2026-08-13T21:36:12.605+0600 [DEBUG] ignoring non-existing provider search directory /root/.local/share/terraform/plugins
2026-08-13T21:36:12.606+0600 [DEBUG] ignoring non-existing provider search directory /usr/local/share/terraform/plugins
2026-08-13T21:36:12.606+0600 [DEBUG] ignoring non-existing provider search directory /usr/share/terraform/plugins
2026-08-13T21:36:12.606+0600 [INFO]  CLI command args: []string{"plan"}
2026-08-13T21:36:12.682+0600 [DEBUG] checking for provisioner in "."
2026-08-13T21:36:12.685+0600 [DEBUG] checking for provisioner in "/usr/bin"
2026-08-13T21:36:12.686+0600 [INFO]  backend/local: starting Plan operation
2026-08-13T21:36:12.687+0600 [DEBUG] ReferenceTransformer: "var.ssh_user" references: []
2026-08-13T21:36:12.687+0600 [DEBUG] ReferenceTransformer: "var.server_ip" references: []
2026-08-13T21:36:12.687+0600 [DEBUG] ReferenceTransformer: "var.ssh_private_key_path" references: []
2026-08-13T21:36:12.687+0600 [DEBUG] ReferenceTransformer: "var.server_name" references: []
2026-08-13T21:36:12.687+0600 [DEBUG] Starting graph walk: walkInit
2026-08-13T21:36:12.688+0600 [DEBUG] created provider logger: level=debug
2026-08-13T21:36:12.688+0600 [INFO]  provider: configuring client automatic mTLS
2026-08-13T21:36:12.706+0600 [DEBUG] provider: starting plugin: path=.terraform/providers/registry.terraform.io/hashicorp/null/3.3.0/linux_amd64/terraform-provider-null_v3.3.0_x5 args=[".terraform/providers/registry.terraform.io/hashicorp/null/3.3.0/linux_amd64/terraform-provider-null_v3.3.0_x5"]
2026-08-13T21:36:12.706+0600 [DEBUG] provider: plugin started: path=.terraform/providers/registry.terraform.io/hashicorp/null/3.3.0/linux_amd64/terraform-provider-null_v3.3.0_x5 pid=20135
2026-08-13T21:36:12.706+0600 [DEBUG] provider: waiting for RPC address: plugin=.terraform/providers/registry.terraform.io/hashicorp/null/3.3.0/linux_amd64/terraform-provider-null_v3.3.0_x5
2026-08-13T21:36:12.712+0600 [INFO]  provider.terraform-provider-null_v3.3.0_x5: configuring server automatic mTLS: timestamp="2026-08-13T21:36:12.712+0600"
2026-08-13T21:36:12.733+0600 [DEBUG] provider: using plugin: version=5
2026-08-13T21:36:12.733+0600 [DEBUG] provider.terraform-provider-null_v3.3.0_x5: plugin address: address=/tmp/plugin3761070278 network=unix timestamp="2026-08-13T21:36:12.732+0600"
2026-08-13T21:36:12.753+0600 [DEBUG] No provider meta schema returned
2026-08-13T21:36:12.754+0600 [DEBUG] provider.stdio: received EOF, stopping recv loop: err="rpc error: code = Unavailable desc = error reading from server: EOF"
2026-08-13T21:36:12.755+0600 [INFO]  provider: plugin process exited: plugin=.terraform/providers/registry.terraform.io/hashicorp/null/3.3.0/linux_amd64/terraform-provider-null_v3.3.0_x5 id=20135
2026-08-13T21:36:12.755+0600 [DEBUG] provider: plugin exited
2026-08-13T21:36:12.755+0600 [DEBUG] Building and walking validate graph
2026-08-13T21:36:12.755+0600 [DEBUG] ProviderTransformer: "null_resource.server_bootstrap" (*terraform.NodeValidatableResource) needs provider["registry.terraform.io/hashicorp/null"]
2026-08-13T21:36:12.756+0600 [DEBUG] ReferenceTransformer: "var.server_ip" references: []
2026-08-13T21:36:12.756+0600 [DEBUG] ReferenceTransformer: "var.ssh_private_key_path" references: []
2026-08-13T21:36:12.756+0600 [DEBUG] ReferenceTransformer: "output.server_name (expand)" references: [var.server_name]
2026-08-13T21:36:12.756+0600 [DEBUG] ReferenceTransformer: "output.server_ip (expand)" references: [var.server_ip]
2026-08-13T21:36:12.756+0600 [DEBUG] ReferenceTransformer: "provider[\"registry.terraform.io/hashicorp/null\"]" references: []
2026-08-13T21:36:12.756+0600 [DEBUG] ReferenceTransformer: "null_resource.server_bootstrap" references: [var.ssh_private_key_path var.server_ip var.ssh_user var.ssh_user var.server_name]
2026-08-13T21:36:12.756+0600 [DEBUG] ReferenceTransformer: "var.server_name" references: []
2026-08-13T21:36:12.756+0600 [DEBUG] ReferenceTransformer: "var.ssh_user" references: []
2026-08-13T21:36:12.756+0600 [DEBUG] Starting graph walk: walkValidate
2026-08-13T21:36:12.756+0600 [DEBUG] created provider logger: level=debug
2026-08-13T21:36:12.756+0600 [INFO]  provider: configuring client automatic mTLS
2026-08-13T21:36:12.763+0600 [DEBUG] provider: starting plugin: path=.terraform/providers/registry.terraform.io/hashicorp/null/3.3.0/linux_amd64/terraform-provider-null_v3.3.0_x5 args=[".terraform/providers/registry.terraform.io/hashicorp/null/3.3.0/linux_amd64/terraform-provider-null_v3.3.0_x5"]
2026-08-13T21:36:12.763+0600 [DEBUG] provider: plugin started: path=.terraform/providers/registry.terraform.io/hashicorp/null/3.3.0/linux_amd64/terraform-provider-null_v3.3.0_x5 pid=20145
2026-08-13T21:36:12.763+0600 [DEBUG] provider: waiting for RPC address: plugin=.terraform/providers/registry.terraform.io/hashicorp/null/3.3.0/linux_amd64/terraform-provider-null_v3.3.0_x5
2026-08-13T21:36:12.770+0600 [INFO]  provider.terraform-provider-null_v3.3.0_x5: configuring server automatic mTLS: timestamp="2026-08-13T21:36:12.770+0600"
2026-08-13T21:36:12.786+0600 [DEBUG] provider: using plugin: version=5
2026-08-13T21:36:12.786+0600 [DEBUG] provider.terraform-provider-null_v3.3.0_x5: plugin address: address=/tmp/plugin976447490 network=unix timestamp="2026-08-13T21:36:12.786+0600"
2026-08-13T21:36:12.805+0600 [DEBUG] provider.stdio: received EOF, stopping recv loop: err="rpc error: code = Unavailable desc = error reading from server: EOF"
2026-08-13T21:36:12.806+0600 [INFO]  provider: plugin process exited: plugin=.terraform/providers/registry.terraform.io/hashicorp/null/3.3.0/linux_amd64/terraform-provider-null_v3.3.0_x5 id=20145
2026-08-13T21:36:12.806+0600 [DEBUG] provider: plugin exited
2026-08-13T21:36:12.807+0600 [INFO]  backend/local: plan calling Plan
2026-08-13T21:36:12.807+0600 [DEBUG] Building and walking plan graph for NormalMode
2026-08-13T21:36:12.807+0600 [DEBUG] ProviderTransformer: "null_resource.server_bootstrap (expand)" (*terraform.nodeExpandPlannableResource) needs provider["registry.terraform.io/hashicorp/null"]
2026-08-13T21:36:12.807+0600 [DEBUG] ReferenceTransformer: "var.server_ip" references: []
2026-08-13T21:36:12.807+0600 [DEBUG] ReferenceTransformer: "var.ssh_private_key_path" references: []
2026-08-13T21:36:12.807+0600 [DEBUG] ReferenceTransformer: "var.server_name" references: []
2026-08-13T21:36:12.807+0600 [DEBUG] ReferenceTransformer: "var.ssh_user" references: []
2026-08-13T21:36:12.807+0600 [DEBUG] ReferenceTransformer: "output.server_ip (expand)" references: [var.server_ip]
2026-08-13T21:36:12.807+0600 [DEBUG] ReferenceTransformer: "output.server_name (expand)" references: [var.server_name]
2026-08-13T21:36:12.807+0600 [DEBUG] ReferenceTransformer: "provider[\"registry.terraform.io/hashicorp/null\"]" references: []
2026-08-13T21:36:12.807+0600 [DEBUG] ReferenceTransformer: "null_resource.server_bootstrap (expand)" references: [var.ssh_user var.ssh_private_key_path var.server_ip var.ssh_user var.server_name]
2026-08-13T21:36:12.807+0600 [DEBUG] Starting graph walk: walkPlan
2026-08-13T21:36:12.808+0600 [DEBUG] created provider logger: level=debug
2026-08-13T21:36:12.808+0600 [INFO]  provider: configuring client automatic mTLS
2026-08-13T21:36:12.817+0600 [DEBUG] provider: starting plugin: path=.terraform/providers/registry.terraform.io/hashicorp/null/3.3.0/linux_amd64/terraform-provider-null_v3.3.0_x5 args=[".terraform/providers/registry.terraform.io/hashicorp/null/3.3.0/linux_amd64/terraform-provider-null_v3.3.0_x5"]
2026-08-13T21:36:12.817+0600 [DEBUG] provider: plugin started: path=.terraform/providers/registry.terraform.io/hashicorp/null/3.3.0/linux_amd64/terraform-provider-null_v3.3.0_x5 pid=20153
2026-08-13T21:36:12.817+0600 [DEBUG] provider: waiting for RPC address: plugin=.terraform/providers/registry.terraform.io/hashicorp/null/3.3.0/linux_amd64/terraform-provider-null_v3.3.0_x5
2026-08-13T21:36:12.824+0600 [INFO]  provider.terraform-provider-null_v3.3.0_x5: configuring server automatic mTLS: timestamp="2026-08-13T21:36:12.824+0600"
2026-08-13T21:36:12.844+0600 [DEBUG] provider: using plugin: version=5
2026-08-13T21:36:12.844+0600 [DEBUG] provider.terraform-provider-null_v3.3.0_x5: plugin address: address=/tmp/plugin975326246 network=unix timestamp="2026-08-13T21:36:12.844+0600"
2026-08-13T21:36:12.859+0600 [DEBUG] ReferenceTransformer: "null_resource.server_bootstrap" references: []
2026-08-13T21:36:12.862+0600 [DEBUG] provider.terraform-provider-null_v3.3.0_x5: Value switched to prior value due to semantic equality logic: @module=sdk.framework tf_provider_addr=registry.terraform.io/hashicorp/null tf_resource_type=null_resource tf_rpc=ReadResource @caller=github.com/hashicorp/terraform-plugin-framework@v1.19.0/internal/fwschemadata/value_semantic_equality.go:91 tf_attribute_path=id tf_req_id=e2d01a29-1c89-454e-b432-19842decaa0a timestamp="2026-08-13T21:36:12.862+0600"
2026-08-13T21:36:12.869+0600 [DEBUG] provider.terraform-provider-null_v3.3.0_x5: Marking Computed attributes with null configuration values as unknown (known after apply) in the plan to prevent potential Terraform errors: tf_provider_addr=registry.terraform.io/hashicorp/null tf_req_id=881008d8-9dc0-22b3-1fab-4b2d99a1b160 tf_rpc=PlanResourceChange @module=sdk.framework tf_resource_type=null_resource @caller=github.com/hashicorp/terraform-plugin-framework@v1.19.0/internal/fwserver/server_planresourcechange.go:250 timestamp="2026-08-13T21:36:12.868+0600"
2026-08-13T21:36:12.869+0600 [DEBUG] provider.terraform-provider-null_v3.3.0_x5: marking computed attribute that is null in the config as unknown: tf_resource_type=null_resource tf_rpc=PlanResourceChange @module=sdk.framework tf_req_id=881008d8-9dc0-22b3-1fab-4b2d99a1b160 @caller=github.com/hashicorp/terraform-plugin-framework@v1.19.0/internal/fwserver/server_planresourcechange.go:538 tf_attribute_path="AttributeName(\"id\")" tf_provider_addr=registry.terraform.io/hashicorp/null timestamp="2026-08-13T21:36:12.868+0600"
2026-08-13T21:36:12.872+0600 [DEBUG] provider.stdio: received EOF, stopping recv loop: err="rpc error: code = Unavailable desc = error reading from server: EOF"
2026-08-13T21:36:12.874+0600 [INFO]  provider: plugin process exited: plugin=.terraform/providers/registry.terraform.io/hashicorp/null/3.3.0/linux_amd64/terraform-provider-null_v3.3.0_x5 id=20153
2026-08-13T21:36:12.874+0600 [DEBUG] provider: plugin exited
2026-08-13T21:36:12.874+0600 [DEBUG] building apply graph to check for errors
2026-08-13T21:36:12.875+0600 [DEBUG] ProviderTransformer: "null_resource.server_bootstrap" (*terraform.NodeApplyableResourceInstance) needs provider["registry.terraform.io/hashicorp/null"]
2026-08-13T21:36:12.875+0600 [DEBUG] ProviderTransformer: "null_resource.server_bootstrap (destroy)" (*terraform.NodeDestroyResourceInstance) needs provider["registry.terraform.io/hashicorp/null"]
2026-08-13T21:36:12.875+0600 [DEBUG] ProviderTransformer: "null_resource.server_bootstrap (expand)" (*terraform.nodeExpandApplyableResource) needs provider["registry.terraform.io/hashicorp/null"]
2026-08-13T21:36:12.875+0600 [DEBUG] ReferenceTransformer: "output.server_ip (expand)" references: [var.server_ip]
2026-08-13T21:36:12.875+0600 [DEBUG] ReferenceTransformer: "null_resource.server_bootstrap (expand)" references: [var.ssh_private_key_path var.server_ip var.ssh_user var.ssh_user var.server_name]
2026-08-13T21:36:12.875+0600 [DEBUG] ReferenceTransformer: "var.server_name" references: []
2026-08-13T21:36:12.875+0600 [DEBUG] ReferenceTransformer: "output.server_name (expand)" references: [var.server_name]
2026-08-13T21:36:12.875+0600 [DEBUG] ReferenceTransformer: "null_resource.server_bootstrap" references: [var.ssh_private_key_path var.server_ip var.ssh_user var.ssh_user var.server_name]
2026-08-13T21:36:12.875+0600 [DEBUG] ReferenceTransformer: "provider[\"registry.terraform.io/hashicorp/null\"]" references: []
2026-08-13T21:36:12.875+0600 [DEBUG] ReferenceTransformer: "var.ssh_private_key_path" references: []
2026-08-13T21:36:12.875+0600 [DEBUG] ReferenceTransformer: "var.ssh_user" references: []
2026-08-13T21:36:12.875+0600 [DEBUG] ReferenceTransformer: "var.server_ip" references: []
2026-08-13T21:36:12.876+0600 [INFO]  backend/local: plan operation completed
2026-08-13T21:36:35.914+0600 [INFO]  Terraform version: 1.15.8
2026-08-13T21:36:35.915+0600 [DEBUG] using github.com/hashicorp/go-tfe v1.105.0
2026-08-13T21:36:35.915+0600 [DEBUG] using github.com/hashicorp/hcl/v2 v2.24.0
2026-08-13T21:36:35.915+0600 [DEBUG] using github.com/hashicorp/terraform-svchost v0.2.1
2026-08-13T21:36:35.915+0600 [DEBUG] using github.com/zclconf/go-cty v1.18.0
2026-08-13T21:36:35.915+0600 [INFO]  Go runtime version: go1.25.10
2026-08-13T21:36:35.915+0600 [INFO]  CLI args: []string{"terraform", "apply"}
2026-08-13T21:36:35.915+0600 [DEBUG] Attempting to open CLI config file: /root/.terraformrc
2026-08-13T21:36:35.915+0600 [DEBUG] File doesn't exist, but doesn't need to. Ignoring.
2026-08-13T21:36:35.915+0600 [DEBUG] ignoring non-existing provider search directory terraform.d/plugins
2026-08-13T21:36:35.915+0600 [DEBUG] ignoring non-existing provider search directory /root/.terraform.d/plugins
2026-08-13T21:36:35.915+0600 [DEBUG] ignoring non-existing provider search directory /root/.local/share/terraform/plugins
2026-08-13T21:36:35.915+0600 [DEBUG] ignoring non-existing provider search directory /usr/local/share/terraform/plugins
2026-08-13T21:36:35.915+0600 [DEBUG] ignoring non-existing provider search directory /usr/share/terraform/plugins
2026-08-13T21:36:35.915+0600 [INFO]  CLI command args: []string{"apply"}
2026-08-13T21:36:35.979+0600 [DEBUG] checking for provisioner in "."
2026-08-13T21:36:35.983+0600 [DEBUG] checking for provisioner in "/usr/bin"
2026-08-13T21:36:35.984+0600 [INFO]  backend/local: starting Apply operation
2026-08-13T21:36:35.985+0600 [DEBUG] ReferenceTransformer: "var.server_ip" references: []
2026-08-13T21:36:35.985+0600 [DEBUG] ReferenceTransformer: "var.ssh_private_key_path" references: []
2026-08-13T21:36:35.985+0600 [DEBUG] ReferenceTransformer: "var.server_name" references: []
2026-08-13T21:36:35.985+0600 [DEBUG] ReferenceTransformer: "var.ssh_user" references: []
2026-08-13T21:36:35.985+0600 [DEBUG] Starting graph walk: walkInit
2026-08-13T21:36:35.985+0600 [DEBUG] created provider logger: level=debug
2026-08-13T21:36:35.985+0600 [INFO]  provider: configuring client automatic mTLS
2026-08-13T21:36:35.998+0600 [DEBUG] provider: starting plugin: path=.terraform/providers/registry.terraform.io/hashicorp/null/3.3.0/linux_amd64/terraform-provider-null_v3.3.0_x5 args=[".terraform/providers/registry.terraform.io/hashicorp/null/3.3.0/linux_amd64/terraform-provider-null_v3.3.0_x5"]
2026-08-13T21:36:35.998+0600 [DEBUG] provider: plugin started: path=.terraform/providers/registry.terraform.io/hashicorp/null/3.3.0/linux_amd64/terraform-provider-null_v3.3.0_x5 pid=20172
2026-08-13T21:36:35.999+0600 [DEBUG] provider: waiting for RPC address: plugin=.terraform/providers/registry.terraform.io/hashicorp/null/3.3.0/linux_amd64/terraform-provider-null_v3.3.0_x5
2026-08-13T21:36:36.003+0600 [INFO]  provider.terraform-provider-null_v3.3.0_x5: configuring server automatic mTLS: timestamp="2026-08-13T21:36:36.002+0600"
2026-08-13T21:36:36.016+0600 [DEBUG] provider: using plugin: version=5
2026-08-13T21:36:36.016+0600 [DEBUG] provider.terraform-provider-null_v3.3.0_x5: plugin address: address=/tmp/plugin2863843549 network=unix timestamp="2026-08-13T21:36:36.015+0600"
2026-08-13T21:36:36.029+0600 [DEBUG] No provider meta schema returned
2026-08-13T21:36:36.030+0600 [DEBUG] provider.stdio: received EOF, stopping recv loop: err="rpc error: code = Unavailable desc = error reading from server: EOF"
2026-08-13T21:36:36.031+0600 [INFO]  provider: plugin process exited: plugin=.terraform/providers/registry.terraform.io/hashicorp/null/3.3.0/linux_amd64/terraform-provider-null_v3.3.0_x5 id=20172
2026-08-13T21:36:36.031+0600 [DEBUG] provider: plugin exited
2026-08-13T21:36:36.031+0600 [DEBUG] Building and walking validate graph
2026-08-13T21:36:36.032+0600 [DEBUG] ProviderTransformer: "null_resource.server_bootstrap" (*terraform.NodeValidatableResource) needs provider["registry.terraform.io/hashicorp/null"]
2026-08-13T21:36:36.032+0600 [DEBUG] ReferenceTransformer: "var.server_name" references: []
2026-08-13T21:36:36.032+0600 [DEBUG] ReferenceTransformer: "output.server_ip (expand)" references: [var.server_ip]
2026-08-13T21:36:36.032+0600 [DEBUG] ReferenceTransformer: "output.server_name (expand)" references: [var.server_name]
2026-08-13T21:36:36.032+0600 [DEBUG] ReferenceTransformer: "provider[\"registry.terraform.io/hashicorp/null\"]" references: []
2026-08-13T21:36:36.032+0600 [DEBUG] ReferenceTransformer: "null_resource.server_bootstrap" references: [var.ssh_private_key_path var.server_ip var.ssh_user var.ssh_user var.server_name]
2026-08-13T21:36:36.032+0600 [DEBUG] ReferenceTransformer: "var.ssh_user" references: []
2026-08-13T21:36:36.032+0600 [DEBUG] ReferenceTransformer: "var.server_ip" references: []
2026-08-13T21:36:36.032+0600 [DEBUG] ReferenceTransformer: "var.ssh_private_key_path" references: []
2026-08-13T21:36:36.032+0600 [DEBUG] Starting graph walk: walkValidate
2026-08-13T21:36:36.032+0600 [DEBUG] created provider logger: level=debug
2026-08-13T21:36:36.032+0600 [INFO]  provider: configuring client automatic mTLS
2026-08-13T21:36:36.037+0600 [DEBUG] provider: starting plugin: path=.terraform/providers/registry.terraform.io/hashicorp/null/3.3.0/linux_amd64/terraform-provider-null_v3.3.0_x5 args=[".terraform/providers/registry.terraform.io/hashicorp/null/3.3.0/linux_amd64/terraform-provider-null_v3.3.0_x5"]
2026-08-13T21:36:36.038+0600 [DEBUG] provider: plugin started: path=.terraform/providers/registry.terraform.io/hashicorp/null/3.3.0/linux_amd64/terraform-provider-null_v3.3.0_x5 pid=20182
2026-08-13T21:36:36.038+0600 [DEBUG] provider: waiting for RPC address: plugin=.terraform/providers/registry.terraform.io/hashicorp/null/3.3.0/linux_amd64/terraform-provider-null_v3.3.0_x5
2026-08-13T21:36:36.042+0600 [INFO]  provider.terraform-provider-null_v3.3.0_x5: configuring server automatic mTLS: timestamp="2026-08-13T21:36:36.042+0600"
2026-08-13T21:36:36.056+0600 [DEBUG] provider.terraform-provider-null_v3.3.0_x5: plugin address: address=/tmp/plugin1281128932 network=unix timestamp="2026-08-13T21:36:36.056+0600"
2026-08-13T21:36:36.056+0600 [DEBUG] provider: using plugin: version=5
2026-08-13T21:36:36.071+0600 [DEBUG] provider.stdio: received EOF, stopping recv loop: err="rpc error: code = Unavailable desc = error reading from server: EOF"
2026-08-13T21:36:36.073+0600 [INFO]  provider: plugin process exited: plugin=.terraform/providers/registry.terraform.io/hashicorp/null/3.3.0/linux_amd64/terraform-provider-null_v3.3.0_x5 id=20182
2026-08-13T21:36:36.073+0600 [DEBUG] provider: plugin exited
2026-08-13T21:36:36.073+0600 [INFO]  backend/local: apply calling Plan
2026-08-13T21:36:36.073+0600 [DEBUG] Building and walking plan graph for NormalMode
2026-08-13T21:36:36.073+0600 [DEBUG] ProviderTransformer: "null_resource.server_bootstrap (expand)" (*terraform.nodeExpandPlannableResource) needs provider["registry.terraform.io/hashicorp/null"]
2026-08-13T21:36:36.073+0600 [DEBUG] ReferenceTransformer: "var.server_name" references: []
2026-08-13T21:36:36.073+0600 [DEBUG] ReferenceTransformer: "var.ssh_user" references: []
2026-08-13T21:36:36.073+0600 [DEBUG] ReferenceTransformer: "var.server_ip" references: []
2026-08-13T21:36:36.073+0600 [DEBUG] ReferenceTransformer: "var.ssh_private_key_path" references: []
2026-08-13T21:36:36.073+0600 [DEBUG] ReferenceTransformer: "output.server_name (expand)" references: [var.server_name]
2026-08-13T21:36:36.073+0600 [DEBUG] ReferenceTransformer: "output.server_ip (expand)" references: [var.server_ip]
2026-08-13T21:36:36.073+0600 [DEBUG] ReferenceTransformer: "provider[\"registry.terraform.io/hashicorp/null\"]" references: []
2026-08-13T21:36:36.073+0600 [DEBUG] ReferenceTransformer: "null_resource.server_bootstrap (expand)" references: [var.server_ip var.ssh_user var.ssh_private_key_path var.ssh_user var.server_name]
2026-08-13T21:36:36.073+0600 [DEBUG] Starting graph walk: walkPlan
2026-08-13T21:36:36.074+0600 [DEBUG] created provider logger: level=debug
2026-08-13T21:36:36.074+0600 [INFO]  provider: configuring client automatic mTLS
2026-08-13T21:36:36.079+0600 [DEBUG] provider: starting plugin: path=.terraform/providers/registry.terraform.io/hashicorp/null/3.3.0/linux_amd64/terraform-provider-null_v3.3.0_x5 args=[".terraform/providers/registry.terraform.io/hashicorp/null/3.3.0/linux_amd64/terraform-provider-null_v3.3.0_x5"]
2026-08-13T21:36:36.079+0600 [DEBUG] provider: plugin started: path=.terraform/providers/registry.terraform.io/hashicorp/null/3.3.0/linux_amd64/terraform-provider-null_v3.3.0_x5 pid=20191
2026-08-13T21:36:36.079+0600 [DEBUG] provider: waiting for RPC address: plugin=.terraform/providers/registry.terraform.io/hashicorp/null/3.3.0/linux_amd64/terraform-provider-null_v3.3.0_x5
2026-08-13T21:36:36.084+0600 [INFO]  provider.terraform-provider-null_v3.3.0_x5: configuring server automatic mTLS: timestamp="2026-08-13T21:36:36.083+0600"
2026-08-13T21:36:36.098+0600 [DEBUG] provider.terraform-provider-null_v3.3.0_x5: plugin address: address=/tmp/plugin3756084759 network=unix timestamp="2026-08-13T21:36:36.098+0600"
2026-08-13T21:36:36.098+0600 [DEBUG] provider: using plugin: version=5
2026-08-13T21:36:36.114+0600 [DEBUG] ReferenceTransformer: "null_resource.server_bootstrap" references: []
2026-08-13T21:36:36.117+0600 [DEBUG] provider.terraform-provider-null_v3.3.0_x5: Value switched to prior value due to semantic equality logic: tf_attribute_path=id tf_provider_addr=registry.terraform.io/hashicorp/null @caller=github.com/hashicorp/terraform-plugin-framework@v1.19.0/internal/fwschemadata/value_semantic_equality.go:91 @module=sdk.framework tf_req_id=9ba2a4a1-9450-f97d-2c43-afbcd7dffe9e tf_resource_type=null_resource tf_rpc=ReadResource timestamp="2026-08-13T21:36:36.117+0600"
2026-08-13T21:36:36.125+0600 [DEBUG] provider.terraform-provider-null_v3.3.0_x5: Marking Computed attributes with null configuration values as unknown (known after apply) in the plan to prevent potential Terraform errors: @caller=github.com/hashicorp/terraform-plugin-framework@v1.19.0/internal/fwserver/server_planresourcechange.go:250 @module=sdk.framework tf_provider_addr=registry.terraform.io/hashicorp/null tf_rpc=PlanResourceChange tf_req_id=409f6af0-94ba-8674-351e-cfd8c716bfa6 tf_resource_type=null_resource timestamp="2026-08-13T21:36:36.123+0600"
2026-08-13T21:36:36.125+0600 [DEBUG] provider.terraform-provider-null_v3.3.0_x5: marking computed attribute that is null in the config as unknown: @caller=github.com/hashicorp/terraform-plugin-framework@v1.19.0/internal/fwserver/server_planresourcechange.go:538 @module=sdk.framework tf_attribute_path="AttributeName(\"id\")" tf_provider_addr=registry.terraform.io/hashicorp/null tf_req_id=409f6af0-94ba-8674-351e-cfd8c716bfa6 tf_resource_type=null_resource tf_rpc=PlanResourceChange timestamp="2026-08-13T21:36:36.124+0600"
2026-08-13T21:36:36.128+0600 [DEBUG] provider.stdio: received EOF, stopping recv loop: err="rpc error: code = Unavailable desc = error reading from server: EOF"
2026-08-13T21:36:36.128+0600 [INFO]  provider: plugin process exited: plugin=.terraform/providers/registry.terraform.io/hashicorp/null/3.3.0/linux_amd64/terraform-provider-null_v3.3.0_x5 id=20191
2026-08-13T21:36:36.128+0600 [DEBUG] provider: plugin exited
2026-08-13T21:36:36.129+0600 [DEBUG] building apply graph to check for errors
2026-08-13T21:36:36.129+0600 [DEBUG] ProviderTransformer: "null_resource.server_bootstrap" (*terraform.NodeApplyableResourceInstance) needs provider["registry.terraform.io/hashicorp/null"]
2026-08-13T21:36:36.129+0600 [DEBUG] ProviderTransformer: "null_resource.server_bootstrap (destroy)" (*terraform.NodeDestroyResourceInstance) needs provider["registry.terraform.io/hashicorp/null"]
2026-08-13T21:36:36.129+0600 [DEBUG] ProviderTransformer: "null_resource.server_bootstrap (expand)" (*terraform.nodeExpandApplyableResource) needs provider["registry.terraform.io/hashicorp/null"]
2026-08-13T21:36:36.129+0600 [DEBUG] ReferenceTransformer: "var.ssh_private_key_path" references: []
2026-08-13T21:36:36.129+0600 [DEBUG] ReferenceTransformer: "output.server_ip (expand)" references: [var.server_ip]
2026-08-13T21:36:36.129+0600 [DEBUG] ReferenceTransformer: "output.server_name (expand)" references: [var.server_name]
2026-08-13T21:36:36.129+0600 [DEBUG] ReferenceTransformer: "var.server_name" references: []
2026-08-13T21:36:36.129+0600 [DEBUG] ReferenceTransformer: "var.ssh_user" references: []
2026-08-13T21:36:36.129+0600 [DEBUG] ReferenceTransformer: "var.server_ip" references: []
2026-08-13T21:36:36.129+0600 [DEBUG] ReferenceTransformer: "null_resource.server_bootstrap" references: [var.server_ip var.ssh_user var.ssh_private_key_path var.ssh_user var.server_name]
2026-08-13T21:36:36.129+0600 [DEBUG] ReferenceTransformer: "provider[\"registry.terraform.io/hashicorp/null\"]" references: []
2026-08-13T21:36:36.129+0600 [DEBUG] ReferenceTransformer: "null_resource.server_bootstrap (expand)" references: [var.ssh_user var.ssh_private_key_path var.server_ip var.ssh_user var.server_name]
2026-08-13T21:36:36.130+0600 [DEBUG] command: asking for input: "\nDo you want to perform these actions?"
2026-08-13T21:36:40.067+0600 [INFO]  backend/local: apply calling Apply
2026-08-13T21:36:40.067+0600 [DEBUG] Building and walking apply graph for NormalMode plan
2026-08-13T21:36:40.068+0600 [DEBUG] ProviderTransformer: "null_resource.server_bootstrap" (*terraform.NodeApplyableResourceInstance) needs provider["registry.terraform.io/hashicorp/null"]
2026-08-13T21:36:40.068+0600 [DEBUG] ProviderTransformer: "null_resource.server_bootstrap (destroy)" (*terraform.NodeDestroyResourceInstance) needs provider["registry.terraform.io/hashicorp/null"]
2026-08-13T21:36:40.068+0600 [DEBUG] ProviderTransformer: "null_resource.server_bootstrap (expand)" (*terraform.nodeExpandApplyableResource) needs provider["registry.terraform.io/hashicorp/null"]
2026-08-13T21:36:40.068+0600 [DEBUG] ReferenceTransformer: "null_resource.server_bootstrap (expand)" references: [var.server_ip var.ssh_user var.ssh_private_key_path var.ssh_user var.server_name]
2026-08-13T21:36:40.068+0600 [DEBUG] ReferenceTransformer: "var.ssh_private_key_path" references: []
2026-08-13T21:36:40.068+0600 [DEBUG] ReferenceTransformer: "var.server_name" references: []
2026-08-13T21:36:40.068+0600 [DEBUG] ReferenceTransformer: "output.server_ip (expand)" references: [var.server_ip]
2026-08-13T21:36:40.068+0600 [DEBUG] ReferenceTransformer: "output.server_name (expand)" references: [var.server_name]
2026-08-13T21:36:40.068+0600 [DEBUG] ReferenceTransformer: "null_resource.server_bootstrap" references: [var.server_ip var.ssh_user var.ssh_private_key_path var.ssh_user var.server_name]
2026-08-13T21:36:40.068+0600 [DEBUG] ReferenceTransformer: "var.server_ip" references: []
2026-08-13T21:36:40.068+0600 [DEBUG] ReferenceTransformer: "var.ssh_user" references: []
2026-08-13T21:36:40.068+0600 [DEBUG] ReferenceTransformer: "provider[\"registry.terraform.io/hashicorp/null\"]" references: []
2026-08-13T21:36:40.068+0600 [DEBUG] Starting graph walk: walkApply
2026-08-13T21:36:40.068+0600 [DEBUG] created provider logger: level=debug
2026-08-13T21:36:40.068+0600 [INFO]  provider: configuring client automatic mTLS
2026-08-13T21:36:40.073+0600 [DEBUG] provider: starting plugin: path=.terraform/providers/registry.terraform.io/hashicorp/null/3.3.0/linux_amd64/terraform-provider-null_v3.3.0_x5 args=[".terraform/providers/registry.terraform.io/hashicorp/null/3.3.0/linux_amd64/terraform-provider-null_v3.3.0_x5"]
2026-08-13T21:36:40.074+0600 [DEBUG] provider: plugin started: path=.terraform/providers/registry.terraform.io/hashicorp/null/3.3.0/linux_amd64/terraform-provider-null_v3.3.0_x5 pid=20200
2026-08-13T21:36:40.074+0600 [DEBUG] provider: waiting for RPC address: plugin=.terraform/providers/registry.terraform.io/hashicorp/null/3.3.0/linux_amd64/terraform-provider-null_v3.3.0_x5
2026-08-13T21:36:40.080+0600 [INFO]  provider.terraform-provider-null_v3.3.0_x5: configuring server automatic mTLS: timestamp="2026-08-13T21:36:40.080+0600"
2026-08-13T21:36:40.092+0600 [DEBUG] provider.terraform-provider-null_v3.3.0_x5: plugin address: address=/tmp/plugin2691084477 network=unix timestamp="2026-08-13T21:36:40.092+0600"
2026-08-13T21:36:40.092+0600 [DEBUG] provider: using plugin: version=5
2026-08-13T21:36:40.106+0600 [INFO]  Starting apply for null_resource.server_bootstrap
2026-08-13T21:36:40.106+0600 [DEBUG] null_resource.server_bootstrap: applying the planned Delete change
2026-08-13T21:36:40.109+0600 [DEBUG] State storage *statemgr.Filesystem declined to persist a state snapshot
2026-08-13T21:36:40.114+0600 [DEBUG] provider.terraform-provider-null_v3.3.0_x5: Marking Computed attributes with null configuration values as unknown (known after apply) in the plan to prevent potential Terraform errors: tf_req_id=eb23dd37-af2c-4e83-3c27-9985772791e8 tf_resource_type=null_resource @caller=github.com/hashicorp/terraform-plugin-framework@v1.19.0/internal/fwserver/server_planresourcechange.go:250 @module=sdk.framework tf_provider_addr=registry.terraform.io/hashicorp/null tf_rpc=PlanResourceChange timestamp="2026-08-13T21:36:40.114+0600"
2026-08-13T21:36:40.114+0600 [DEBUG] provider.terraform-provider-null_v3.3.0_x5: marking computed attribute that is null in the config as unknown: @module=sdk.framework tf_provider_addr=registry.terraform.io/hashicorp/null tf_req_id=eb23dd37-af2c-4e83-3c27-9985772791e8 tf_resource_type=null_resource tf_rpc=PlanResourceChange @caller=github.com/hashicorp/terraform-plugin-framework@v1.19.0/internal/fwserver/server_planresourcechange.go:538 tf_attribute_path="AttributeName(\"id\")" timestamp="2026-08-13T21:36:40.114+0600"
2026-08-13T21:36:40.115+0600 [INFO]  Starting apply for null_resource.server_bootstrap
2026-08-13T21:36:40.116+0600 [DEBUG] null_resource.server_bootstrap: applying the planned Create change
2026-08-13T21:36:40.120+0600 [INFO]  using private key for authentication
2026-08-13T21:36:40.121+0600 [DEBUG] Connecting to 192.168.238.50:22 for SSH
2026-08-13T21:36:40.121+0600 [DEBUG] Connection established. Handshaking for user jafar
2026-08-13T21:36:40.157+0600 [DEBUG] Telling SSH config to forward to agent
2026-08-13T21:36:40.157+0600 [DEBUG] Setting up a session to request agent forwarding
2026-08-13T21:36:40.269+0600 [INFO]  agent forwarding enabled
2026-08-13T21:36:40.269+0600 [DEBUG] starting ssh KeepAlives
2026-08-13T21:36:40.269+0600 [DEBUG] opening new ssh session
2026-08-13T21:36:40.270+0600 [DEBUG] Starting remote scp process:  'scp' -vt /tmp
2026-08-13T21:36:40.271+0600 [DEBUG] Started SCP session, beginning transfers...
2026-08-13T21:36:40.271+0600 [DEBUG] Beginning file upload...
2026-08-13T21:36:40.275+0600 [DEBUG] SCP session complete, closing stdin pipe.
2026-08-13T21:36:40.275+0600 [DEBUG] Waiting for SSH session to complete.
2026-08-13T21:36:40.276+0600 [ERROR] scp stderr: "Sink: C0644 1479 terraform_1375287000.sh\nscp: debug1: fd 0 clearing O_NONBLOCK\r\n"
2026-08-13T21:36:40.276+0600 [DEBUG] opening new ssh session
2026-08-13T21:36:40.277+0600 [DEBUG] starting remote command: chmod 0777 /tmp/terraform_1375287000.sh
2026-08-13T21:36:40.282+0600 [DEBUG] remote command exited with '0': chmod 0777 /tmp/terraform_1375287000.sh
2026-08-13T21:36:40.282+0600 [DEBUG] opening new ssh session
2026-08-13T21:36:40.283+0600 [DEBUG] starting remote command: /tmp/terraform_1375287000.sh
2026-08-13T21:36:42.160+0600 [DEBUG] remote command exited with '0': /tmp/terraform_1375287000.sh
2026-08-13T21:36:42.160+0600 [DEBUG] opening new ssh session
2026-08-13T21:36:42.161+0600 [DEBUG] Starting remote scp process:  'scp' -vt /tmp
2026-08-13T21:36:42.162+0600 [DEBUG] Started SCP session, beginning transfers...
2026-08-13T21:36:42.162+0600 [DEBUG] Copying input data into temporary file so we can read the length
2026-08-13T21:36:42.164+0600 [DEBUG] Beginning file upload...
2026-08-13T21:36:42.169+0600 [DEBUG] SCP session complete, closing stdin pipe.
2026-08-13T21:36:42.169+0600 [DEBUG] Waiting for SSH session to complete.
2026-08-13T21:36:42.170+0600 [ERROR] scp stderr: "Sink: C0644 0 terraform_1375287000.sh\nscp: debug1: fd 0 clearing O_NONBLOCK\r\n"
2026-08-13T21:36:42.171+0600 [DEBUG] State storage *statemgr.Filesystem declined to persist a state snapshot
2026-08-13T21:36:42.172+0600 [DEBUG] provider.stdio: received EOF, stopping recv loop: err="rpc error: code = Unavailable desc = error reading from server: EOF"
2026-08-13T21:36:42.175+0600 [INFO]  provider: plugin process exited: plugin=.terraform/providers/registry.terraform.io/hashicorp/null/3.3.0/linux_amd64/terraform-provider-null_v3.3.0_x5 id=20200
2026-08-13T21:36:42.175+0600 [DEBUG] provider: plugin exited
2026-08-13T21:41:43.755+0600 [INFO]  Terraform version: 1.15.8
2026-08-13T21:41:43.756+0600 [DEBUG] using github.com/hashicorp/go-tfe v1.105.0
2026-08-13T21:41:43.756+0600 [DEBUG] using github.com/hashicorp/hcl/v2 v2.24.0
2026-08-13T21:41:43.756+0600 [DEBUG] using github.com/hashicorp/terraform-svchost v0.2.1
2026-08-13T21:41:43.756+0600 [DEBUG] using github.com/zclconf/go-cty v1.18.0
2026-08-13T21:41:43.756+0600 [INFO]  Go runtime version: go1.25.10
2026-08-13T21:41:43.756+0600 [INFO]  CLI args: []string{"terraform", "plan"}
2026-08-13T21:41:43.756+0600 [DEBUG] Attempting to open CLI config file: /root/.terraformrc
2026-08-13T21:41:43.756+0600 [DEBUG] File doesn't exist, but doesn't need to. Ignoring.
2026-08-13T21:41:43.756+0600 [DEBUG] ignoring non-existing provider search directory terraform.d/plugins
2026-08-13T21:41:43.756+0600 [DEBUG] ignoring non-existing provider search directory /root/.terraform.d/plugins
2026-08-13T21:41:43.756+0600 [DEBUG] ignoring non-existing provider search directory /root/.local/share/terraform/plugins
2026-08-13T21:41:43.756+0600 [DEBUG] ignoring non-existing provider search directory /usr/local/share/terraform/plugins
2026-08-13T21:41:43.756+0600 [DEBUG] ignoring non-existing provider search directory /usr/share/terraform/plugins
2026-08-13T21:41:43.757+0600 [INFO]  CLI command args: []string{"plan"}
2026-08-13T21:41:43.828+0600 [DEBUG] checking for provisioner in "."
2026-08-13T21:41:43.833+0600 [DEBUG] checking for provisioner in "/usr/bin"
2026-08-13T21:41:43.834+0600 [INFO]  backend/local: starting Plan operation
2026-08-13T21:41:43.836+0600 [DEBUG] ReferenceTransformer: "var.server_name" references: []
2026-08-13T21:41:43.836+0600 [DEBUG] ReferenceTransformer: "var.ssh_user" references: []
2026-08-13T21:41:43.836+0600 [DEBUG] ReferenceTransformer: "var.server_ip" references: []
2026-08-13T21:41:43.836+0600 [DEBUG] ReferenceTransformer: "var.ssh_private_key_path" references: []
2026-08-13T21:41:43.836+0600 [DEBUG] Starting graph walk: walkInit
2026-08-13T21:41:43.836+0600 [DEBUG] created provider logger: level=debug
2026-08-13T21:41:43.836+0600 [INFO]  provider: configuring client automatic mTLS
2026-08-13T21:41:43.853+0600 [DEBUG] provider: starting plugin: path=.terraform/providers/registry.terraform.io/hashicorp/null/3.3.0/linux_amd64/terraform-provider-null_v3.3.0_x5 args=[".terraform/providers/registry.terraform.io/hashicorp/null/3.3.0/linux_amd64/terraform-provider-null_v3.3.0_x5"]
2026-08-13T21:41:43.854+0600 [DEBUG] provider: plugin started: path=.terraform/providers/registry.terraform.io/hashicorp/null/3.3.0/linux_amd64/terraform-provider-null_v3.3.0_x5 pid=20780
2026-08-13T21:41:43.854+0600 [DEBUG] provider: waiting for RPC address: plugin=.terraform/providers/registry.terraform.io/hashicorp/null/3.3.0/linux_amd64/terraform-provider-null_v3.3.0_x5
2026-08-13T21:41:43.859+0600 [INFO]  provider.terraform-provider-null_v3.3.0_x5: configuring server automatic mTLS: timestamp="2026-08-13T21:41:43.858+0600"
2026-08-13T21:41:43.869+0600 [DEBUG] provider.terraform-provider-null_v3.3.0_x5: plugin address: address=/tmp/plugin815808375 network=unix timestamp="2026-08-13T21:41:43.869+0600"
2026-08-13T21:41:43.869+0600 [DEBUG] provider: using plugin: version=5
2026-08-13T21:41:43.884+0600 [DEBUG] No provider meta schema returned
2026-08-13T21:41:43.885+0600 [DEBUG] provider.stdio: received EOF, stopping recv loop: err="rpc error: code = Unavailable desc = error reading from server: EOF"
2026-08-13T21:41:43.887+0600 [INFO]  provider: plugin process exited: plugin=.terraform/providers/registry.terraform.io/hashicorp/null/3.3.0/linux_amd64/terraform-provider-null_v3.3.0_x5 id=20780
2026-08-13T21:41:43.887+0600 [DEBUG] provider: plugin exited
2026-08-13T21:41:43.887+0600 [DEBUG] Building and walking validate graph
2026-08-13T21:41:43.887+0600 [DEBUG] ProviderTransformer: "null_resource.server_bootstrap" (*terraform.NodeValidatableResource) needs provider["registry.terraform.io/hashicorp/null"]
2026-08-13T21:41:43.887+0600 [DEBUG] ReferenceTransformer: "var.server_name" references: []
2026-08-13T21:41:43.887+0600 [DEBUG] ReferenceTransformer: "output.server_ip (expand)" references: [var.server_ip]
2026-08-13T21:41:43.887+0600 [DEBUG] ReferenceTransformer: "output.server_name (expand)" references: [var.server_name]
2026-08-13T21:41:43.887+0600 [DEBUG] ReferenceTransformer: "provider[\"registry.terraform.io/hashicorp/null\"]" references: []
2026-08-13T21:41:43.887+0600 [DEBUG] ReferenceTransformer: "null_resource.server_bootstrap" references: [var.ssh_private_key_path var.ssh_user var.server_ip var.ssh_user var.server_name]
2026-08-13T21:41:43.887+0600 [DEBUG] ReferenceTransformer: "var.ssh_user" references: []
2026-08-13T21:41:43.887+0600 [DEBUG] ReferenceTransformer: "var.server_ip" references: []
2026-08-13T21:41:43.887+0600 [DEBUG] ReferenceTransformer: "var.ssh_private_key_path" references: []
2026-08-13T21:41:43.887+0600 [DEBUG] Starting graph walk: walkValidate
2026-08-13T21:41:43.888+0600 [DEBUG] created provider logger: level=debug
2026-08-13T21:41:43.888+0600 [INFO]  provider: configuring client automatic mTLS
2026-08-13T21:41:43.894+0600 [DEBUG] provider: starting plugin: path=.terraform/providers/registry.terraform.io/hashicorp/null/3.3.0/linux_amd64/terraform-provider-null_v3.3.0_x5 args=[".terraform/providers/registry.terraform.io/hashicorp/null/3.3.0/linux_amd64/terraform-provider-null_v3.3.0_x5"]
2026-08-13T21:41:43.895+0600 [DEBUG] provider: plugin started: path=.terraform/providers/registry.terraform.io/hashicorp/null/3.3.0/linux_amd64/terraform-provider-null_v3.3.0_x5 pid=20789
2026-08-13T21:41:43.895+0600 [DEBUG] provider: waiting for RPC address: plugin=.terraform/providers/registry.terraform.io/hashicorp/null/3.3.0/linux_amd64/terraform-provider-null_v3.3.0_x5
2026-08-13T21:41:43.900+0600 [INFO]  provider.terraform-provider-null_v3.3.0_x5: configuring server automatic mTLS: timestamp="2026-08-13T21:41:43.899+0600"
2026-08-13T21:41:43.910+0600 [DEBUG] provider.terraform-provider-null_v3.3.0_x5: plugin address: address=/tmp/plugin4106549698 network=unix timestamp="2026-08-13T21:41:43.910+0600"
2026-08-13T21:41:43.910+0600 [DEBUG] provider: using plugin: version=5
2026-08-13T21:41:43.923+0600 [DEBUG] provider.stdio: received EOF, stopping recv loop: err="rpc error: code = Unavailable desc = error reading from server: EOF"
2026-08-13T21:41:43.924+0600 [INFO]  provider: plugin process exited: plugin=.terraform/providers/registry.terraform.io/hashicorp/null/3.3.0/linux_amd64/terraform-provider-null_v3.3.0_x5 id=20789
2026-08-13T21:41:43.924+0600 [DEBUG] provider: plugin exited
2026-08-13T21:41:43.924+0600 [INFO]  backend/local: plan calling Plan
2026-08-13T21:41:43.924+0600 [DEBUG] Building and walking plan graph for NormalMode
2026-08-13T21:41:43.924+0600 [DEBUG] ProviderTransformer: "null_resource.server_bootstrap (expand)" (*terraform.nodeExpandPlannableResource) needs provider["registry.terraform.io/hashicorp/null"]
2026-08-13T21:41:43.924+0600 [DEBUG] ReferenceTransformer: "output.server_name (expand)" references: [var.server_name]
2026-08-13T21:41:43.924+0600 [DEBUG] ReferenceTransformer: "provider[\"registry.terraform.io/hashicorp/null\"]" references: []
2026-08-13T21:41:43.924+0600 [DEBUG] ReferenceTransformer: "null_resource.server_bootstrap (expand)" references: [var.ssh_user var.server_ip var.ssh_private_key_path var.ssh_user var.server_name]
2026-08-13T21:41:43.924+0600 [DEBUG] ReferenceTransformer: "var.server_name" references: []
2026-08-13T21:41:43.924+0600 [DEBUG] ReferenceTransformer: "var.ssh_user" references: []
2026-08-13T21:41:43.924+0600 [DEBUG] ReferenceTransformer: "var.server_ip" references: []
2026-08-13T21:41:43.924+0600 [DEBUG] ReferenceTransformer: "var.ssh_private_key_path" references: []
2026-08-13T21:41:43.924+0600 [DEBUG] ReferenceTransformer: "output.server_ip (expand)" references: [var.server_ip]
2026-08-13T21:41:43.925+0600 [DEBUG] Starting graph walk: walkPlan
2026-08-13T21:41:43.925+0600 [DEBUG] created provider logger: level=debug
2026-08-13T21:41:43.925+0600 [INFO]  provider: configuring client automatic mTLS
2026-08-13T21:41:43.929+0600 [DEBUG] provider: starting plugin: path=.terraform/providers/registry.terraform.io/hashicorp/null/3.3.0/linux_amd64/terraform-provider-null_v3.3.0_x5 args=[".terraform/providers/registry.terraform.io/hashicorp/null/3.3.0/linux_amd64/terraform-provider-null_v3.3.0_x5"]
2026-08-13T21:41:43.929+0600 [DEBUG] provider: plugin started: path=.terraform/providers/registry.terraform.io/hashicorp/null/3.3.0/linux_amd64/terraform-provider-null_v3.3.0_x5 pid=20797
2026-08-13T21:41:43.929+0600 [DEBUG] provider: waiting for RPC address: plugin=.terraform/providers/registry.terraform.io/hashicorp/null/3.3.0/linux_amd64/terraform-provider-null_v3.3.0_x5
2026-08-13T21:41:43.933+0600 [INFO]  provider.terraform-provider-null_v3.3.0_x5: configuring server automatic mTLS: timestamp="2026-08-13T21:41:43.933+0600"
2026-08-13T21:41:43.945+0600 [DEBUG] provider: using plugin: version=5
2026-08-13T21:41:43.945+0600 [DEBUG] provider.terraform-provider-null_v3.3.0_x5: plugin address: address=/tmp/plugin1868186413 network=unix timestamp="2026-08-13T21:41:43.945+0600"
2026-08-13T21:41:43.957+0600 [DEBUG] ReferenceTransformer: "null_resource.server_bootstrap" references: []
2026-08-13T21:41:43.961+0600 [DEBUG] provider.terraform-provider-null_v3.3.0_x5: Value switched to prior value due to semantic equality logic: tf_attribute_path=id tf_provider_addr=registry.terraform.io/hashicorp/null tf_req_id=463e3df1-87f7-7056-88b3-838996c98175 tf_resource_type=null_resource tf_rpc=ReadResource @caller=github.com/hashicorp/terraform-plugin-framework@v1.19.0/internal/fwschemadata/value_semantic_equality.go:91 @module=sdk.framework timestamp="2026-08-13T21:41:43.961+0600"
2026-08-13T21:41:43.971+0600 [DEBUG] provider.stdio: received EOF, stopping recv loop: err="rpc error: code = Unavailable desc = error reading from server: EOF"
2026-08-13T21:41:43.974+0600 [INFO]  provider: plugin process exited: plugin=.terraform/providers/registry.terraform.io/hashicorp/null/3.3.0/linux_amd64/terraform-provider-null_v3.3.0_x5 id=20797
2026-08-13T21:41:43.974+0600 [DEBUG] provider: plugin exited
2026-08-13T21:41:43.974+0600 [DEBUG] no planned changes, skipping apply graph check
2026-08-13T21:41:43.974+0600 [INFO]  backend/local: plan operation completed
2026-08-13T21:41:52.291+0600 [INFO]  Terraform version: 1.15.8
2026-08-13T21:41:52.291+0600 [DEBUG] using github.com/hashicorp/go-tfe v1.105.0
2026-08-13T21:41:52.291+0600 [DEBUG] using github.com/hashicorp/hcl/v2 v2.24.0
2026-08-13T21:41:52.291+0600 [DEBUG] using github.com/hashicorp/terraform-svchost v0.2.1
2026-08-13T21:41:52.291+0600 [DEBUG] using github.com/zclconf/go-cty v1.18.0
2026-08-13T21:41:52.291+0600 [INFO]  Go runtime version: go1.25.10
2026-08-13T21:41:52.291+0600 [INFO]  CLI args: []string{"terraform", "taint", "null_resource.server_bootstrap"}
2026-08-13T21:41:52.291+0600 [DEBUG] Attempting to open CLI config file: /root/.terraformrc
2026-08-13T21:41:52.291+0600 [DEBUG] File doesn't exist, but doesn't need to. Ignoring.
2026-08-13T21:41:52.291+0600 [DEBUG] ignoring non-existing provider search directory terraform.d/plugins
2026-08-13T21:41:52.291+0600 [DEBUG] ignoring non-existing provider search directory /root/.terraform.d/plugins
2026-08-13T21:41:52.291+0600 [DEBUG] ignoring non-existing provider search directory /root/.local/share/terraform/plugins
2026-08-13T21:41:52.291+0600 [DEBUG] ignoring non-existing provider search directory /usr/local/share/terraform/plugins
2026-08-13T21:41:52.291+0600 [DEBUG] ignoring non-existing provider search directory /usr/share/terraform/plugins
2026-08-13T21:41:52.292+0600 [INFO]  CLI command args: []string{"taint", "null_resource.server_bootstrap"}
2026-08-13T21:41:52.293+0600 [DEBUG] ReferenceTransformer: "var.server_name" references: []
2026-08-13T21:41:52.293+0600 [DEBUG] ReferenceTransformer: "var.ssh_user" references: []
2026-08-13T21:41:52.293+0600 [DEBUG] ReferenceTransformer: "var.server_ip" references: []
2026-08-13T21:41:52.293+0600 [DEBUG] ReferenceTransformer: "var.ssh_private_key_path" references: []
2026-08-13T21:41:52.293+0600 [DEBUG] Starting graph walk: walkInit
2026-08-13T21:41:52.341+0600 [DEBUG] checking for provisioner in "."
2026-08-13T21:41:52.344+0600 [DEBUG] checking for provisioner in "/usr/bin"
2026-08-13T21:41:57.941+0600 [INFO]  Terraform version: 1.15.8
2026-08-13T21:41:57.942+0600 [DEBUG] using github.com/hashicorp/go-tfe v1.105.0
2026-08-13T21:41:57.942+0600 [DEBUG] using github.com/hashicorp/hcl/v2 v2.24.0
2026-08-13T21:41:57.942+0600 [DEBUG] using github.com/hashicorp/terraform-svchost v0.2.1
2026-08-13T21:41:57.942+0600 [DEBUG] using github.com/zclconf/go-cty v1.18.0
2026-08-13T21:41:57.942+0600 [INFO]  Go runtime version: go1.25.10
2026-08-13T21:41:57.942+0600 [INFO]  CLI args: []string{"terraform", "plan"}
2026-08-13T21:41:57.942+0600 [DEBUG] Attempting to open CLI config file: /root/.terraformrc
2026-08-13T21:41:57.942+0600 [DEBUG] File doesn't exist, but doesn't need to. Ignoring.
2026-08-13T21:41:57.942+0600 [DEBUG] ignoring non-existing provider search directory terraform.d/plugins
2026-08-13T21:41:57.942+0600 [DEBUG] ignoring non-existing provider search directory /root/.terraform.d/plugins
2026-08-13T21:41:57.942+0600 [DEBUG] ignoring non-existing provider search directory /root/.local/share/terraform/plugins
2026-08-13T21:41:57.942+0600 [DEBUG] ignoring non-existing provider search directory /usr/local/share/terraform/plugins
2026-08-13T21:41:57.942+0600 [DEBUG] ignoring non-existing provider search directory /usr/share/terraform/plugins
2026-08-13T21:41:57.943+0600 [INFO]  CLI command args: []string{"plan"}
2026-08-13T21:41:57.992+0600 [DEBUG] checking for provisioner in "."
2026-08-13T21:41:57.995+0600 [DEBUG] checking for provisioner in "/usr/bin"
2026-08-13T21:41:57.996+0600 [INFO]  backend/local: starting Plan operation
2026-08-13T21:41:57.997+0600 [DEBUG] ReferenceTransformer: "var.server_name" references: []
2026-08-13T21:41:57.997+0600 [DEBUG] ReferenceTransformer: "var.ssh_user" references: []
2026-08-13T21:41:57.997+0600 [DEBUG] ReferenceTransformer: "var.server_ip" references: []
2026-08-13T21:41:57.997+0600 [DEBUG] ReferenceTransformer: "var.ssh_private_key_path" references: []
2026-08-13T21:41:57.997+0600 [DEBUG] Starting graph walk: walkInit
2026-08-13T21:41:57.997+0600 [DEBUG] created provider logger: level=debug
2026-08-13T21:41:57.997+0600 [INFO]  provider: configuring client automatic mTLS
2026-08-13T21:41:58.008+0600 [DEBUG] provider: starting plugin: path=.terraform/providers/registry.terraform.io/hashicorp/null/3.3.0/linux_amd64/terraform-provider-null_v3.3.0_x5 args=[".terraform/providers/registry.terraform.io/hashicorp/null/3.3.0/linux_amd64/terraform-provider-null_v3.3.0_x5"]
2026-08-13T21:41:58.009+0600 [DEBUG] provider: plugin started: path=.terraform/providers/registry.terraform.io/hashicorp/null/3.3.0/linux_amd64/terraform-provider-null_v3.3.0_x5 pid=20821
2026-08-13T21:41:58.009+0600 [DEBUG] provider: waiting for RPC address: plugin=.terraform/providers/registry.terraform.io/hashicorp/null/3.3.0/linux_amd64/terraform-provider-null_v3.3.0_x5
2026-08-13T21:41:58.013+0600 [INFO]  provider.terraform-provider-null_v3.3.0_x5: configuring server automatic mTLS: timestamp="2026-08-13T21:41:58.012+0600"
2026-08-13T21:41:58.025+0600 [DEBUG] provider: using plugin: version=5
2026-08-13T21:41:58.025+0600 [DEBUG] provider.terraform-provider-null_v3.3.0_x5: plugin address: network=unix address=/tmp/plugin3866815626 timestamp="2026-08-13T21:41:58.025+0600"
2026-08-13T21:41:58.038+0600 [DEBUG] No provider meta schema returned
2026-08-13T21:41:58.039+0600 [DEBUG] provider.stdio: received EOF, stopping recv loop: err="rpc error: code = Unavailable desc = error reading from server: EOF"
2026-08-13T21:41:58.040+0600 [INFO]  provider: plugin process exited: plugin=.terraform/providers/registry.terraform.io/hashicorp/null/3.3.0/linux_amd64/terraform-provider-null_v3.3.0_x5 id=20821
2026-08-13T21:41:58.040+0600 [DEBUG] provider: plugin exited
2026-08-13T21:41:58.040+0600 [DEBUG] Building and walking validate graph
2026-08-13T21:41:58.040+0600 [DEBUG] ProviderTransformer: "null_resource.server_bootstrap" (*terraform.NodeValidatableResource) needs provider["registry.terraform.io/hashicorp/null"]
2026-08-13T21:41:58.040+0600 [DEBUG] ReferenceTransformer: "output.server_ip (expand)" references: [var.server_ip]
2026-08-13T21:41:58.040+0600 [DEBUG] ReferenceTransformer: "output.server_name (expand)" references: [var.server_name]
2026-08-13T21:41:58.040+0600 [DEBUG] ReferenceTransformer: "provider[\"registry.terraform.io/hashicorp/null\"]" references: []
2026-08-13T21:41:58.040+0600 [DEBUG] ReferenceTransformer: "null_resource.server_bootstrap" references: [var.ssh_user var.server_ip var.ssh_private_key_path var.ssh_user var.server_name]
2026-08-13T21:41:58.040+0600 [DEBUG] ReferenceTransformer: "var.server_name" references: []
2026-08-13T21:41:58.040+0600 [DEBUG] ReferenceTransformer: "var.ssh_user" references: []
2026-08-13T21:41:58.040+0600 [DEBUG] ReferenceTransformer: "var.server_ip" references: []
2026-08-13T21:41:58.040+0600 [DEBUG] ReferenceTransformer: "var.ssh_private_key_path" references: []
2026-08-13T21:41:58.040+0600 [DEBUG] Starting graph walk: walkValidate
2026-08-13T21:41:58.040+0600 [DEBUG] created provider logger: level=debug
2026-08-13T21:41:58.040+0600 [INFO]  provider: configuring client automatic mTLS
2026-08-13T21:41:58.045+0600 [DEBUG] provider: starting plugin: path=.terraform/providers/registry.terraform.io/hashicorp/null/3.3.0/linux_amd64/terraform-provider-null_v3.3.0_x5 args=[".terraform/providers/registry.terraform.io/hashicorp/null/3.3.0/linux_amd64/terraform-provider-null_v3.3.0_x5"]
2026-08-13T21:41:58.046+0600 [DEBUG] provider: plugin started: path=.terraform/providers/registry.terraform.io/hashicorp/null/3.3.0/linux_amd64/terraform-provider-null_v3.3.0_x5 pid=20830
2026-08-13T21:41:58.046+0600 [DEBUG] provider: waiting for RPC address: plugin=.terraform/providers/registry.terraform.io/hashicorp/null/3.3.0/linux_amd64/terraform-provider-null_v3.3.0_x5
2026-08-13T21:41:58.050+0600 [INFO]  provider.terraform-provider-null_v3.3.0_x5: configuring server automatic mTLS: timestamp="2026-08-13T21:41:58.049+0600"
2026-08-13T21:41:58.060+0600 [DEBUG] provider: using plugin: version=5
2026-08-13T21:41:58.060+0600 [DEBUG] provider.terraform-provider-null_v3.3.0_x5: plugin address: address=/tmp/plugin1661783777 network=unix timestamp="2026-08-13T21:41:58.060+0600"
2026-08-13T21:41:58.073+0600 [DEBUG] provider.stdio: received EOF, stopping recv loop: err="rpc error: code = Unavailable desc = error reading from server: EOF"
2026-08-13T21:41:58.074+0600 [INFO]  provider: plugin process exited: plugin=.terraform/providers/registry.terraform.io/hashicorp/null/3.3.0/linux_amd64/terraform-provider-null_v3.3.0_x5 id=20830
2026-08-13T21:41:58.074+0600 [DEBUG] provider: plugin exited
2026-08-13T21:41:58.074+0600 [INFO]  backend/local: plan calling Plan
2026-08-13T21:41:58.074+0600 [DEBUG] Building and walking plan graph for NormalMode
2026-08-13T21:41:58.075+0600 [DEBUG] ProviderTransformer: "null_resource.server_bootstrap (expand)" (*terraform.nodeExpandPlannableResource) needs provider["registry.terraform.io/hashicorp/null"]
2026-08-13T21:41:58.075+0600 [DEBUG] ReferenceTransformer: "null_resource.server_bootstrap (expand)" references: [var.ssh_user var.server_ip var.ssh_private_key_path var.ssh_user var.server_name]
2026-08-13T21:41:58.075+0600 [DEBUG] ReferenceTransformer: "var.ssh_user" references: []
2026-08-13T21:41:58.075+0600 [DEBUG] ReferenceTransformer: "var.server_ip" references: []
2026-08-13T21:41:58.075+0600 [DEBUG] ReferenceTransformer: "var.ssh_private_key_path" references: []
2026-08-13T21:41:58.075+0600 [DEBUG] ReferenceTransformer: "var.server_name" references: []
2026-08-13T21:41:58.075+0600 [DEBUG] ReferenceTransformer: "output.server_ip (expand)" references: [var.server_ip]
2026-08-13T21:41:58.075+0600 [DEBUG] ReferenceTransformer: "output.server_name (expand)" references: [var.server_name]
2026-08-13T21:41:58.075+0600 [DEBUG] ReferenceTransformer: "provider[\"registry.terraform.io/hashicorp/null\"]" references: []
2026-08-13T21:41:58.077+0600 [DEBUG] Starting graph walk: walkPlan
2026-08-13T21:41:58.078+0600 [DEBUG] created provider logger: level=debug
2026-08-13T21:41:58.078+0600 [INFO]  provider: configuring client automatic mTLS
2026-08-13T21:41:58.082+0600 [DEBUG] provider: starting plugin: path=.terraform/providers/registry.terraform.io/hashicorp/null/3.3.0/linux_amd64/terraform-provider-null_v3.3.0_x5 args=[".terraform/providers/registry.terraform.io/hashicorp/null/3.3.0/linux_amd64/terraform-provider-null_v3.3.0_x5"]
2026-08-13T21:41:58.082+0600 [DEBUG] provider: plugin started: path=.terraform/providers/registry.terraform.io/hashicorp/null/3.3.0/linux_amd64/terraform-provider-null_v3.3.0_x5 pid=20839
2026-08-13T21:41:58.082+0600 [DEBUG] provider: waiting for RPC address: plugin=.terraform/providers/registry.terraform.io/hashicorp/null/3.3.0/linux_amd64/terraform-provider-null_v3.3.0_x5
2026-08-13T21:41:58.086+0600 [INFO]  provider.terraform-provider-null_v3.3.0_x5: configuring server automatic mTLS: timestamp="2026-08-13T21:41:58.086+0600"
2026-08-13T21:41:58.099+0600 [DEBUG] provider: using plugin: version=5
2026-08-13T21:41:58.099+0600 [DEBUG] provider.terraform-provider-null_v3.3.0_x5: plugin address: address=/tmp/plugin2168814908 network=unix timestamp="2026-08-13T21:41:58.099+0600"
2026-08-13T21:41:58.111+0600 [DEBUG] ReferenceTransformer: "null_resource.server_bootstrap" references: []
2026-08-13T21:41:58.113+0600 [DEBUG] provider.terraform-provider-null_v3.3.0_x5: Value switched to prior value due to semantic equality logic: @module=sdk.framework tf_resource_type=null_resource tf_rpc=ReadResource @caller=github.com/hashicorp/terraform-plugin-framework@v1.19.0/internal/fwschemadata/value_semantic_equality.go:91 tf_attribute_path=id tf_provider_addr=registry.terraform.io/hashicorp/null tf_req_id=336e044e-43c5-c1bc-d786-9c2e7358d2c9 timestamp="2026-08-13T21:41:58.112+0600"
2026-08-13T21:41:58.115+0600 [DEBUG] provider.terraform-provider-null_v3.3.0_x5: Marking Computed attributes with null configuration values as unknown (known after apply) in the plan to prevent potential Terraform errors: @caller=github.com/hashicorp/terraform-plugin-framework@v1.19.0/internal/fwserver/server_planresourcechange.go:250 tf_req_id=6d245c6b-5802-383e-c6cf-8981ac53d0a3 tf_resource_type=null_resource tf_rpc=PlanResourceChange @module=sdk.framework tf_provider_addr=registry.terraform.io/hashicorp/null timestamp="2026-08-13T21:41:58.115+0600"
2026-08-13T21:41:58.115+0600 [DEBUG] provider.terraform-provider-null_v3.3.0_x5: marking computed attribute that is null in the config as unknown: tf_attribute_path="AttributeName(\"id\")" tf_provider_addr=registry.terraform.io/hashicorp/null tf_req_id=6d245c6b-5802-383e-c6cf-8981ac53d0a3 tf_resource_type=null_resource tf_rpc=PlanResourceChange @caller=github.com/hashicorp/terraform-plugin-framework@v1.19.0/internal/fwserver/server_planresourcechange.go:538 @module=sdk.framework timestamp="2026-08-13T21:41:58.115+0600"
2026-08-13T21:41:58.121+0600 [DEBUG] provider.stdio: received EOF, stopping recv loop: err="rpc error: code = Unavailable desc = error reading from server: EOF"
2026-08-13T21:41:58.122+0600 [INFO]  provider: plugin process exited: plugin=.terraform/providers/registry.terraform.io/hashicorp/null/3.3.0/linux_amd64/terraform-provider-null_v3.3.0_x5 id=20839
2026-08-13T21:41:58.122+0600 [DEBUG] provider: plugin exited
2026-08-13T21:41:58.122+0600 [DEBUG] building apply graph to check for errors
2026-08-13T21:41:58.123+0600 [DEBUG] ProviderTransformer: "null_resource.server_bootstrap (destroy)" (*terraform.NodeDestroyResourceInstance) needs provider["registry.terraform.io/hashicorp/null"]
2026-08-13T21:41:58.123+0600 [DEBUG] ProviderTransformer: "null_resource.server_bootstrap (expand)" (*terraform.nodeExpandApplyableResource) needs provider["registry.terraform.io/hashicorp/null"]
2026-08-13T21:41:58.123+0600 [DEBUG] ProviderTransformer: "null_resource.server_bootstrap" (*terraform.NodeApplyableResourceInstance) needs provider["registry.terraform.io/hashicorp/null"]
2026-08-13T21:41:58.123+0600 [DEBUG] ReferenceTransformer: "null_resource.server_bootstrap (expand)" references: [var.ssh_user var.server_ip var.ssh_private_key_path var.ssh_user var.server_name]
2026-08-13T21:41:58.123+0600 [DEBUG] ReferenceTransformer: "var.server_ip" references: []
2026-08-13T21:41:58.123+0600 [DEBUG] ReferenceTransformer: "var.ssh_private_key_path" references: []
2026-08-13T21:41:58.123+0600 [DEBUG] ReferenceTransformer: "output.server_ip (expand)" references: [var.server_ip]
2026-08-13T21:41:58.123+0600 [DEBUG] ReferenceTransformer: "output.server_name (expand)" references: [var.server_name]
2026-08-13T21:41:58.123+0600 [DEBUG] ReferenceTransformer: "null_resource.server_bootstrap" references: [var.ssh_private_key_path var.ssh_user var.server_ip var.ssh_user var.server_name]
2026-08-13T21:41:58.123+0600 [DEBUG] ReferenceTransformer: "var.server_name" references: []
2026-08-13T21:41:58.123+0600 [DEBUG] ReferenceTransformer: "var.ssh_user" references: []
2026-08-13T21:41:58.123+0600 [DEBUG] ReferenceTransformer: "provider[\"registry.terraform.io/hashicorp/null\"]" references: []
2026-08-13T21:41:58.123+0600 [INFO]  backend/local: plan operation completed
2026-08-13T21:42:05.144+0600 [INFO]  Terraform version: 1.15.8
2026-08-13T21:42:05.145+0600 [DEBUG] using github.com/hashicorp/go-tfe v1.105.0
2026-08-13T21:42:05.145+0600 [DEBUG] using github.com/hashicorp/hcl/v2 v2.24.0
2026-08-13T21:42:05.145+0600 [DEBUG] using github.com/hashicorp/terraform-svchost v0.2.1
2026-08-13T21:42:05.145+0600 [DEBUG] using github.com/zclconf/go-cty v1.18.0
2026-08-13T21:42:05.145+0600 [INFO]  Go runtime version: go1.25.10
2026-08-13T21:42:05.145+0600 [INFO]  CLI args: []string{"terraform", "apply"}
2026-08-13T21:42:05.145+0600 [DEBUG] Attempting to open CLI config file: /root/.terraformrc
2026-08-13T21:42:05.145+0600 [DEBUG] File doesn't exist, but doesn't need to. Ignoring.
2026-08-13T21:42:05.145+0600 [DEBUG] ignoring non-existing provider search directory terraform.d/plugins
2026-08-13T21:42:05.145+0600 [DEBUG] ignoring non-existing provider search directory /root/.terraform.d/plugins
2026-08-13T21:42:05.145+0600 [DEBUG] ignoring non-existing provider search directory /root/.local/share/terraform/plugins
2026-08-13T21:42:05.145+0600 [DEBUG] ignoring non-existing provider search directory /usr/local/share/terraform/plugins
2026-08-13T21:42:05.145+0600 [DEBUG] ignoring non-existing provider search directory /usr/share/terraform/plugins
2026-08-13T21:42:05.145+0600 [INFO]  CLI command args: []string{"apply"}
2026-08-13T21:42:05.194+0600 [DEBUG] checking for provisioner in "."
2026-08-13T21:42:05.197+0600 [DEBUG] checking for provisioner in "/usr/bin"
2026-08-13T21:42:05.197+0600 [INFO]  backend/local: starting Apply operation
2026-08-13T21:42:05.199+0600 [DEBUG] ReferenceTransformer: "var.ssh_private_key_path" references: []
2026-08-13T21:42:05.199+0600 [DEBUG] ReferenceTransformer: "var.server_name" references: []
2026-08-13T21:42:05.199+0600 [DEBUG] ReferenceTransformer: "var.ssh_user" references: []
2026-08-13T21:42:05.199+0600 [DEBUG] ReferenceTransformer: "var.server_ip" references: []
2026-08-13T21:42:05.200+0600 [DEBUG] Starting graph walk: walkInit
2026-08-13T21:42:05.200+0600 [DEBUG] created provider logger: level=debug
2026-08-13T21:42:05.200+0600 [INFO]  provider: configuring client automatic mTLS
2026-08-13T21:42:05.211+0600 [DEBUG] provider: starting plugin: path=.terraform/providers/registry.terraform.io/hashicorp/null/3.3.0/linux_amd64/terraform-provider-null_v3.3.0_x5 args=[".terraform/providers/registry.terraform.io/hashicorp/null/3.3.0/linux_amd64/terraform-provider-null_v3.3.0_x5"]
2026-08-13T21:42:05.212+0600 [DEBUG] provider: plugin started: path=.terraform/providers/registry.terraform.io/hashicorp/null/3.3.0/linux_amd64/terraform-provider-null_v3.3.0_x5 pid=20858
2026-08-13T21:42:05.212+0600 [DEBUG] provider: waiting for RPC address: plugin=.terraform/providers/registry.terraform.io/hashicorp/null/3.3.0/linux_amd64/terraform-provider-null_v3.3.0_x5
2026-08-13T21:42:05.217+0600 [INFO]  provider.terraform-provider-null_v3.3.0_x5: configuring server automatic mTLS: timestamp="2026-08-13T21:42:05.217+0600"
2026-08-13T21:42:05.230+0600 [DEBUG] provider: using plugin: version=5
2026-08-13T21:42:05.230+0600 [DEBUG] provider.terraform-provider-null_v3.3.0_x5: plugin address: address=/tmp/plugin2925701654 network=unix timestamp="2026-08-13T21:42:05.230+0600"
2026-08-13T21:42:05.243+0600 [DEBUG] No provider meta schema returned
2026-08-13T21:42:05.243+0600 [DEBUG] provider.stdio: received EOF, stopping recv loop: err="rpc error: code = Unavailable desc = error reading from server: EOF"
2026-08-13T21:42:05.244+0600 [INFO]  provider: plugin process exited: plugin=.terraform/providers/registry.terraform.io/hashicorp/null/3.3.0/linux_amd64/terraform-provider-null_v3.3.0_x5 id=20858
2026-08-13T21:42:05.244+0600 [DEBUG] provider: plugin exited
2026-08-13T21:42:05.244+0600 [DEBUG] Building and walking validate graph
2026-08-13T21:42:05.245+0600 [DEBUG] ProviderTransformer: "null_resource.server_bootstrap" (*terraform.NodeValidatableResource) needs provider["registry.terraform.io/hashicorp/null"]
2026-08-13T21:42:05.245+0600 [DEBUG] ReferenceTransformer: "provider[\"registry.terraform.io/hashicorp/null\"]" references: []
2026-08-13T21:42:05.245+0600 [DEBUG] ReferenceTransformer: "null_resource.server_bootstrap" references: [var.server_ip var.ssh_user var.ssh_private_key_path var.ssh_user var.server_name]
2026-08-13T21:42:05.245+0600 [DEBUG] ReferenceTransformer: "var.server_name" references: []
2026-08-13T21:42:05.245+0600 [DEBUG] ReferenceTransformer: "var.ssh_user" references: []
2026-08-13T21:42:05.245+0600 [DEBUG] ReferenceTransformer: "var.server_ip" references: []
2026-08-13T21:42:05.245+0600 [DEBUG] ReferenceTransformer: "var.ssh_private_key_path" references: []
2026-08-13T21:42:05.245+0600 [DEBUG] ReferenceTransformer: "output.server_ip (expand)" references: [var.server_ip]
2026-08-13T21:42:05.245+0600 [DEBUG] ReferenceTransformer: "output.server_name (expand)" references: [var.server_name]
2026-08-13T21:42:05.245+0600 [DEBUG] Starting graph walk: walkValidate
2026-08-13T21:42:05.245+0600 [DEBUG] created provider logger: level=debug
2026-08-13T21:42:05.245+0600 [INFO]  provider: configuring client automatic mTLS
2026-08-13T21:42:05.250+0600 [DEBUG] provider: starting plugin: path=.terraform/providers/registry.terraform.io/hashicorp/null/3.3.0/linux_amd64/terraform-provider-null_v3.3.0_x5 args=[".terraform/providers/registry.terraform.io/hashicorp/null/3.3.0/linux_amd64/terraform-provider-null_v3.3.0_x5"]
2026-08-13T21:42:05.250+0600 [DEBUG] provider: plugin started: path=.terraform/providers/registry.terraform.io/hashicorp/null/3.3.0/linux_amd64/terraform-provider-null_v3.3.0_x5 pid=20867
2026-08-13T21:42:05.250+0600 [DEBUG] provider: waiting for RPC address: plugin=.terraform/providers/registry.terraform.io/hashicorp/null/3.3.0/linux_amd64/terraform-provider-null_v3.3.0_x5
2026-08-13T21:42:05.255+0600 [INFO]  provider.terraform-provider-null_v3.3.0_x5: configuring server automatic mTLS: timestamp="2026-08-13T21:42:05.255+0600"
2026-08-13T21:42:05.266+0600 [DEBUG] provider.terraform-provider-null_v3.3.0_x5: plugin address: address=/tmp/plugin2385909891 network=unix timestamp="2026-08-13T21:42:05.266+0600"
2026-08-13T21:42:05.267+0600 [DEBUG] provider: using plugin: version=5
2026-08-13T21:42:05.278+0600 [DEBUG] provider.stdio: received EOF, stopping recv loop: err="rpc error: code = Unavailable desc = error reading from server: EOF"
2026-08-13T21:42:05.279+0600 [INFO]  provider: plugin process exited: plugin=.terraform/providers/registry.terraform.io/hashicorp/null/3.3.0/linux_amd64/terraform-provider-null_v3.3.0_x5 id=20867
2026-08-13T21:42:05.279+0600 [DEBUG] provider: plugin exited
2026-08-13T21:42:05.279+0600 [INFO]  backend/local: apply calling Plan
2026-08-13T21:42:05.279+0600 [DEBUG] Building and walking plan graph for NormalMode
2026-08-13T21:42:05.279+0600 [DEBUG] ProviderTransformer: "null_resource.server_bootstrap (expand)" (*terraform.nodeExpandPlannableResource) needs provider["registry.terraform.io/hashicorp/null"]
2026-08-13T21:42:05.279+0600 [DEBUG] ReferenceTransformer: "output.server_ip (expand)" references: [var.server_ip]
2026-08-13T21:42:05.279+0600 [DEBUG] ReferenceTransformer: "output.server_name (expand)" references: [var.server_name]
2026-08-13T21:42:05.279+0600 [DEBUG] ReferenceTransformer: "provider[\"registry.terraform.io/hashicorp/null\"]" references: []
2026-08-13T21:42:05.279+0600 [DEBUG] ReferenceTransformer: "null_resource.server_bootstrap (expand)" references: [var.ssh_user var.ssh_private_key_path var.server_ip var.ssh_user var.server_name]
2026-08-13T21:42:05.279+0600 [DEBUG] ReferenceTransformer: "var.ssh_user" references: []
2026-08-13T21:42:05.279+0600 [DEBUG] ReferenceTransformer: "var.server_ip" references: []
2026-08-13T21:42:05.279+0600 [DEBUG] ReferenceTransformer: "var.ssh_private_key_path" references: []
2026-08-13T21:42:05.279+0600 [DEBUG] ReferenceTransformer: "var.server_name" references: []
2026-08-13T21:42:05.280+0600 [DEBUG] Starting graph walk: walkPlan
2026-08-13T21:42:05.280+0600 [DEBUG] created provider logger: level=debug
2026-08-13T21:42:05.280+0600 [INFO]  provider: configuring client automatic mTLS
2026-08-13T21:42:05.284+0600 [DEBUG] provider: starting plugin: path=.terraform/providers/registry.terraform.io/hashicorp/null/3.3.0/linux_amd64/terraform-provider-null_v3.3.0_x5 args=[".terraform/providers/registry.terraform.io/hashicorp/null/3.3.0/linux_amd64/terraform-provider-null_v3.3.0_x5"]
2026-08-13T21:42:05.285+0600 [DEBUG] provider: plugin started: path=.terraform/providers/registry.terraform.io/hashicorp/null/3.3.0/linux_amd64/terraform-provider-null_v3.3.0_x5 pid=20875
2026-08-13T21:42:05.285+0600 [DEBUG] provider: waiting for RPC address: plugin=.terraform/providers/registry.terraform.io/hashicorp/null/3.3.0/linux_amd64/terraform-provider-null_v3.3.0_x5
2026-08-13T21:42:05.289+0600 [INFO]  provider.terraform-provider-null_v3.3.0_x5: configuring server automatic mTLS: timestamp="2026-08-13T21:42:05.289+0600"
2026-08-13T21:42:05.301+0600 [DEBUG] provider: using plugin: version=5
2026-08-13T21:42:05.301+0600 [DEBUG] provider.terraform-provider-null_v3.3.0_x5: plugin address: address=/tmp/plugin4173861237 network=unix timestamp="2026-08-13T21:42:05.301+0600"
2026-08-13T21:42:05.314+0600 [DEBUG] ReferenceTransformer: "null_resource.server_bootstrap" references: []
2026-08-13T21:42:05.316+0600 [DEBUG] provider.terraform-provider-null_v3.3.0_x5: Value switched to prior value due to semantic equality logic: tf_attribute_path=id tf_req_id=15c5a680-47f6-7a12-3ef1-10153d7d15e9 tf_resource_type=null_resource tf_rpc=ReadResource @caller=github.com/hashicorp/terraform-plugin-framework@v1.19.0/internal/fwschemadata/value_semantic_equality.go:91 tf_provider_addr=registry.terraform.io/hashicorp/null @module=sdk.framework timestamp="2026-08-13T21:42:05.316+0600"
2026-08-13T21:42:05.319+0600 [DEBUG] provider.terraform-provider-null_v3.3.0_x5: Marking Computed attributes with null configuration values as unknown (known after apply) in the plan to prevent potential Terraform errors: tf_req_id=43a664c7-152f-c54d-31eb-965c66630ae3 tf_resource_type=null_resource @caller=github.com/hashicorp/terraform-plugin-framework@v1.19.0/internal/fwserver/server_planresourcechange.go:250 @module=sdk.framework tf_provider_addr=registry.terraform.io/hashicorp/null tf_rpc=PlanResourceChange timestamp="2026-08-13T21:42:05.319+0600"
2026-08-13T21:42:05.319+0600 [DEBUG] provider.terraform-provider-null_v3.3.0_x5: marking computed attribute that is null in the config as unknown: tf_provider_addr=registry.terraform.io/hashicorp/null tf_req_id=43a664c7-152f-c54d-31eb-965c66630ae3 tf_resource_type=null_resource tf_rpc=PlanResourceChange @caller=github.com/hashicorp/terraform-plugin-framework@v1.19.0/internal/fwserver/server_planresourcechange.go:538 tf_attribute_path="AttributeName(\"id\")" @module=sdk.framework timestamp="2026-08-13T21:42:05.319+0600"
2026-08-13T21:42:05.322+0600 [DEBUG] provider.stdio: received EOF, stopping recv loop: err="rpc error: code = Unavailable desc = error reading from server: EOF"
2026-08-13T21:42:05.323+0600 [INFO]  provider: plugin process exited: plugin=.terraform/providers/registry.terraform.io/hashicorp/null/3.3.0/linux_amd64/terraform-provider-null_v3.3.0_x5 id=20875
2026-08-13T21:42:05.323+0600 [DEBUG] provider: plugin exited
2026-08-13T21:42:05.323+0600 [DEBUG] building apply graph to check for errors
2026-08-13T21:42:05.324+0600 [DEBUG] ProviderTransformer: "null_resource.server_bootstrap" (*terraform.NodeApplyableResourceInstance) needs provider["registry.terraform.io/hashicorp/null"]
2026-08-13T21:42:05.324+0600 [DEBUG] ProviderTransformer: "null_resource.server_bootstrap (destroy)" (*terraform.NodeDestroyResourceInstance) needs provider["registry.terraform.io/hashicorp/null"]
2026-08-13T21:42:05.324+0600 [DEBUG] ProviderTransformer: "null_resource.server_bootstrap (expand)" (*terraform.nodeExpandApplyableResource) needs provider["registry.terraform.io/hashicorp/null"]
2026-08-13T21:42:05.324+0600 [DEBUG] ReferenceTransformer: "null_resource.server_bootstrap (expand)" references: [var.ssh_user var.ssh_private_key_path var.server_ip var.ssh_user var.server_name]
2026-08-13T21:42:05.324+0600 [DEBUG] ReferenceTransformer: "var.ssh_private_key_path" references: []
2026-08-13T21:42:05.324+0600 [DEBUG] ReferenceTransformer: "var.ssh_user" references: []
2026-08-13T21:42:05.324+0600 [DEBUG] ReferenceTransformer: "output.server_ip (expand)" references: [var.server_ip]
2026-08-13T21:42:05.324+0600 [DEBUG] ReferenceTransformer: "null_resource.server_bootstrap" references: [var.ssh_private_key_path var.server_ip var.ssh_user var.ssh_user var.server_name]
2026-08-13T21:42:05.324+0600 [DEBUG] ReferenceTransformer: "provider[\"registry.terraform.io/hashicorp/null\"]" references: []
2026-08-13T21:42:05.324+0600 [DEBUG] ReferenceTransformer: "var.server_ip" references: []
2026-08-13T21:42:05.324+0600 [DEBUG] ReferenceTransformer: "var.server_name" references: []
2026-08-13T21:42:05.324+0600 [DEBUG] ReferenceTransformer: "output.server_name (expand)" references: [var.server_name]
2026-08-13T21:42:05.325+0600 [DEBUG] command: asking for input: "\nDo you want to perform these actions?"
2026-08-13T21:42:08.622+0600 [INFO]  backend/local: apply calling Apply
2026-08-13T21:42:08.622+0600 [DEBUG] Building and walking apply graph for NormalMode plan
2026-08-13T21:42:08.624+0600 [DEBUG] ProviderTransformer: "null_resource.server_bootstrap (expand)" (*terraform.nodeExpandApplyableResource) needs provider["registry.terraform.io/hashicorp/null"]
2026-08-13T21:42:08.624+0600 [DEBUG] ProviderTransformer: "null_resource.server_bootstrap (destroy)" (*terraform.NodeDestroyResourceInstance) needs provider["registry.terraform.io/hashicorp/null"]
2026-08-13T21:42:08.624+0600 [DEBUG] ProviderTransformer: "null_resource.server_bootstrap" (*terraform.NodeApplyableResourceInstance) needs provider["registry.terraform.io/hashicorp/null"]
2026-08-13T21:42:08.625+0600 [DEBUG] ReferenceTransformer: "var.ssh_user" references: []
2026-08-13T21:42:08.625+0600 [DEBUG] ReferenceTransformer: "var.ssh_private_key_path" references: []
2026-08-13T21:42:08.625+0600 [DEBUG] ReferenceTransformer: "var.server_name" references: []
2026-08-13T21:42:08.625+0600 [DEBUG] ReferenceTransformer: "var.server_ip" references: []
2026-08-13T21:42:08.625+0600 [DEBUG] ReferenceTransformer: "output.server_ip (expand)" references: [var.server_ip]
2026-08-13T21:42:08.625+0600 [DEBUG] ReferenceTransformer: "output.server_name (expand)" references: [var.server_name]
2026-08-13T21:42:08.625+0600 [DEBUG] ReferenceTransformer: "null_resource.server_bootstrap" references: [var.ssh_user var.ssh_private_key_path var.server_ip var.ssh_user var.server_name]
2026-08-13T21:42:08.625+0600 [DEBUG] ReferenceTransformer: "provider[\"registry.terraform.io/hashicorp/null\"]" references: []
2026-08-13T21:42:08.625+0600 [DEBUG] ReferenceTransformer: "null_resource.server_bootstrap (expand)" references: [var.ssh_user var.ssh_private_key_path var.server_ip var.ssh_user var.server_name]
2026-08-13T21:42:08.625+0600 [DEBUG] Starting graph walk: walkApply
2026-08-13T21:42:08.626+0600 [DEBUG] created provider logger: level=debug
2026-08-13T21:42:08.626+0600 [INFO]  provider: configuring client automatic mTLS
2026-08-13T21:42:08.634+0600 [DEBUG] provider: starting plugin: path=.terraform/providers/registry.terraform.io/hashicorp/null/3.3.0/linux_amd64/terraform-provider-null_v3.3.0_x5 args=[".terraform/providers/registry.terraform.io/hashicorp/null/3.3.0/linux_amd64/terraform-provider-null_v3.3.0_x5"]
2026-08-13T21:42:08.635+0600 [DEBUG] provider: plugin started: path=.terraform/providers/registry.terraform.io/hashicorp/null/3.3.0/linux_amd64/terraform-provider-null_v3.3.0_x5 pid=20883
2026-08-13T21:42:08.635+0600 [DEBUG] provider: waiting for RPC address: plugin=.terraform/providers/registry.terraform.io/hashicorp/null/3.3.0/linux_amd64/terraform-provider-null_v3.3.0_x5
2026-08-13T21:42:08.639+0600 [INFO]  provider.terraform-provider-null_v3.3.0_x5: configuring server automatic mTLS: timestamp="2026-08-13T21:42:08.639+0600"
2026-08-13T21:42:08.651+0600 [DEBUG] provider.terraform-provider-null_v3.3.0_x5: plugin address: network=unix address=/tmp/plugin2821460284 timestamp="2026-08-13T21:42:08.651+0600"
2026-08-13T21:42:08.652+0600 [DEBUG] provider: using plugin: version=5
2026-08-13T21:42:08.667+0600 [INFO]  Starting apply for null_resource.server_bootstrap
2026-08-13T21:42:08.667+0600 [DEBUG] null_resource.server_bootstrap: applying the planned Delete change
2026-08-13T21:42:08.670+0600 [DEBUG] State storage *statemgr.Filesystem declined to persist a state snapshot
2026-08-13T21:42:08.673+0600 [DEBUG] provider.terraform-provider-null_v3.3.0_x5: Marking Computed attributes with null configuration values as unknown (known after apply) in the plan to prevent potential Terraform errors: tf_req_id=2d099c67-cf32-9e18-f38c-d2ba992b5bc6 tf_resource_type=null_resource tf_provider_addr=registry.terraform.io/hashicorp/null tf_rpc=PlanResourceChange @caller=github.com/hashicorp/terraform-plugin-framework@v1.19.0/internal/fwserver/server_planresourcechange.go:250 @module=sdk.framework timestamp="2026-08-13T21:42:08.673+0600"
2026-08-13T21:42:08.673+0600 [DEBUG] provider.terraform-provider-null_v3.3.0_x5: marking computed attribute that is null in the config as unknown: tf_req_id=2d099c67-cf32-9e18-f38c-d2ba992b5bc6 tf_rpc=PlanResourceChange @caller=github.com/hashicorp/terraform-plugin-framework@v1.19.0/internal/fwserver/server_planresourcechange.go:538 @module=sdk.framework tf_attribute_path="AttributeName(\"id\")" tf_provider_addr=registry.terraform.io/hashicorp/null tf_resource_type=null_resource timestamp="2026-08-13T21:42:08.673+0600"
2026-08-13T21:42:08.676+0600 [INFO]  Starting apply for null_resource.server_bootstrap
2026-08-13T21:42:08.676+0600 [DEBUG] null_resource.server_bootstrap: applying the planned Create change
2026-08-13T21:42:08.681+0600 [INFO]  using private key for authentication
2026-08-13T21:42:08.681+0600 [DEBUG] Connecting to 192.168.238.50:22 for SSH
2026-08-13T21:42:08.681+0600 [DEBUG] Connection established. Handshaking for user jafar
2026-08-13T21:42:08.730+0600 [DEBUG] Telling SSH config to forward to agent
2026-08-13T21:42:08.731+0600 [DEBUG] Setting up a session to request agent forwarding
2026-08-13T21:42:08.844+0600 [INFO]  agent forwarding enabled
2026-08-13T21:42:08.844+0600 [DEBUG] starting ssh KeepAlives
2026-08-13T21:42:08.844+0600 [DEBUG] opening new ssh session
2026-08-13T21:42:08.844+0600 [DEBUG] Starting remote scp process:  'scp' -vt /tmp
2026-08-13T21:42:08.846+0600 [DEBUG] Started SCP session, beginning transfers...
2026-08-13T21:42:08.846+0600 [DEBUG] Beginning file upload...
2026-08-13T21:42:08.850+0600 [DEBUG] SCP session complete, closing stdin pipe.
2026-08-13T21:42:08.850+0600 [DEBUG] Waiting for SSH session to complete.
2026-08-13T21:42:08.851+0600 [ERROR] scp stderr: "Sink: C0644 1868 terraform_389588701.sh\nscp: debug1: fd 0 clearing O_NONBLOCK\r\n"
2026-08-13T21:42:08.851+0600 [DEBUG] opening new ssh session
2026-08-13T21:42:08.853+0600 [DEBUG] starting remote command: chmod 0777 /tmp/terraform_389588701.sh
2026-08-13T21:42:08.859+0600 [DEBUG] remote command exited with '0': chmod 0777 /tmp/terraform_389588701.sh
2026-08-13T21:42:08.859+0600 [DEBUG] opening new ssh session
2026-08-13T21:42:08.860+0600 [DEBUG] starting remote command: /tmp/terraform_389588701.sh
2026-08-13T21:42:08.887+0600 [DEBUG] remote command exited with '100': /tmp/terraform_389588701.sh
2026-08-13T21:42:08.887+0600 [WARN]  Errors while provisioning null_resource.server_bootstrap with "remote-exec", so aborting
2026-08-13T21:42:08.894+0600 [DEBUG] State storage *statemgr.Filesystem declined to persist a state snapshot
2026-08-13T21:42:08.894+0600 [ERROR] vertex "null_resource.server_bootstrap" error: remote-exec provisioner error
2026-08-13T21:42:08.899+0600 [DEBUG] provider.stdio: received EOF, stopping recv loop: err="rpc error: code = Unavailable desc = error reading from server: EOF"
2026-08-13T21:42:08.903+0600 [INFO]  provider: plugin process exited: plugin=.terraform/providers/registry.terraform.io/hashicorp/null/3.3.0/linux_amd64/terraform-provider-null_v3.3.0_x5 id=20883
2026-08-13T21:42:08.903+0600 [DEBUG] provider: plugin exited
